combination_id,replication,arrival_rate,num_doctors,num_nurses,simulation_time,warm_up_period,entities_processed,throughput,system_time_avg,Consultation_queue_time,Consultation_service_time,Pharmacy_queue_time,Pharmacy_service_time,Triage_queue_time,Triage_service_time,nursesT_utilization,nursesT_avg_queue,nursesT_max_queue,doctors_utilization,doctors_avg_queue,doctors_max_queue,nurses_utilization,nurses_avg_queue,nurses_max_queue,pharmacy_utilization,pharmacy_avg_queue,pharmacy_max_queue
0,0,3,3,2,2400,420,513,0.2590909090909091,22.045869823901796,3.0078943836283094,10.033906363581986,2.6883761995965556,5.1125681081141945,2.407864904585493,2.5134136154341835,0.6462620039683601,0.8949698099463711,14,0.5711000201194859,0.2635110370893736,7,0.695475071506563,0.46148590304763,8,0.5596697402503871,0.8676457116297938,18
0,1,3,3,2,2400,420,507,0.25606060606060604,18.271194782642887,1.8411616389911998,9.898823110722997,0.755190217309571,4.876965852153025,2.065779155706471,2.5366638142753173,0.6471696848828682,0.703577539053112,10,0.522243905731278,0.10914138770325686,5,0.6550725438630277,0.23289937903928573,6,0.49825725930608583,0.13096541115728863,8
0,2,3,3,2,2400,420,475,0.2398989898989899,17.96423977116693,0.8313906880862741,9.982687486452544,0.93323883746554,5.148389337408801,1.630711189723477,2.5153619864464702,0.6027377077918046,0.47312919841387135,10,0.4933914336187752,0.007954370735644211,2,0.6412406867592869,0.057798044932884735,3,0.5177422544016723,0.1538096427647267,8
0,3,3,3,2,2400,420,477,0.2409090909090909,22.58748296819491,4.889712060333555,10.057354316839238,1.6933749565359817,4.780912271207596,2.5381064849314754,2.4765807877706774,0.5949499804078044,0.9125260577238747,16,0.5452499696667176,0.5914515136664125,8,0.6601841067598202,0.7918990720538227,9,0.47534520956906595,0.4530086999730781,14
0,4,3,3,2,2400,420,499,0.25202020202020203,19.430748791986016,1.916598593717823,9.886307861400399,1.4271553921739326,4.7540429871734515,2.074436974400188,2.500984896501085,0.6323286355019486,0.6991643924888389,12,0.5468175365979713,0.08766172594698851,5,0.6796036659256096,0.23612087456204425,6,0.5089943763515045,0.40874999471161216,10
1,0,3,3,3,2400,420,483,0.24393939393939393,19.309894890465493,1.9167749122041478,10.069671778654481,1.1702679857481422,4.599181815407385,2.311336570664423,2.4924154144619517,0.6115644790822233,0.8230728956319828,16,0.5374620625006447,0.07846442566531411,5,0.6689058626970401,0.22159508757677177,6,0.4684224324927151,0.28191771221301465,8
1,1,3,3,3,2400,420,485,0.24494949494949494,17.86100702421061,1.309683190703369,9.909751173713152,1.0016827267827764,5.027537463953005,1.6149529337137583,2.4951260644077764,0.6146536928957103,0.5166749088689323,10,0.5114260600103187,0.032260747267235095,4,0.6491165812218865,0.1306152436428508,5,0.49005794471865133,0.19726444567023713,8
1,2,3,3,3,2400,420,498,0.2515151515151515,20.17972244363649,1.106661970058057,9.871778483316385,2.734790098914173,5.090210940779518,1.7499334788638388,2.4994680854867317,0.6301891493025115,0.5515874843614159,10,0.5381106286818457,0.013324338845978957,2,0.6917839652836073,0.09041495772253931,3,0.5558865471276732,1.0156269882606406,16
1,3,3,3,3,2400,420,500,0.25252525252525254,19.196431091240456,1.395479473210819,10.03531434409247,1.0283525131292997,4.929484876221069,1.8643611133314377,2.502131229293016,0.6335419858239972,0.6162290755407484,10,0.5601837380298744,0.04643325386155738,4,0.7147055600610571,0.14305152579788322,5,0.5397251033799634,0.23526294063518335,10
1,4,3,3,3,2400,420,489,0.24696969696969698,17.394333741344628,1.1833974778743441,9.809993178141971,1.1184081157190862,4.902190049883316,1.5662573197971619,2.501647066607791,0.6205946789621711,0.4576297071886346,12,0.48766599031918545,0.035769477957383014,5,0.6248153986222577,0.11198724336735254,6,0.48577943802916085,0.2663978644166249,10
2,0,3,3,4,2400,420,523,0.2641414141414141,20.53749011199787,1.8901888406237295,10.032347735922029,1.610918966920636,5.158142625858094,2.2734720771507253,2.4999446519004698,0.6610517006346681,0.8516909090223681,12,0.5926101450953792,0.07319202800827594,4,0.7441569678766379,0.2111617047598791,5,0.5739048548028899,0.42148256441085025,10
2,1,3,3,4,2400,420,516,0.2606060606060606,18.30085915985313,1.3263881971518319,9.95780332775167,0.9811135156988723,4.72194087414545,2.0355737369772333,2.4706695506981924,0.6405812338697336,0.7072826841932398,10,0.5458542959995492,0.044963735189330264,3,0.6950088059665863,0.14335450128776772,4,0.506041542571251,0.22005955061001187,10
2,2,3,3,4,2400,420,443,0.22373737373737373,18.221351881275726,0.9136052718552077,10.204198426623078,1.0707076770646955,5.234284223117569,1.6447224041474966,2.5117997684879256,0.5550999067547338,0.47011860687351953,10,0.4682056018261043,0.00965492785235428,2,0.603484524763942,0.07202376086494522,3,0.4790265962080043,0.20803631422124402,12
2,3,3,3,4,2400,420,513,0.2590909090909091,18.929452801028408,1.4373116608938294,9.932823900200045,1.5412152197158953,5.225666479537766,2.2066433507482817,2.502278853501333,0.6549918234970057,0.8914019923862105,12,0.5308657413945639,0.05748362730238617,4,0.6657147194890093,0.183802434413613,5,0.537803946327087,0.36047439249466134,8
2,4,3,3,4,2400,420,497,0.251010101010101,19.463418485838734,2.1177216600039137,10.424389843482913,0.8079477927507416,4.739606321812726,2.242702673195235,2.480124029288368,0.6159615539521438,0.6717468481063935,12,0.560658008564275,0.09907080030278138,4,0.6993693210341229,0.2435948714575121,5,0.49320934413013656,0.17930426622527731,8
3,0,3,4,2,2400,420,492,0.24848484848484848,20.25518127136878,2.675955688210575,10.122108437483302,1.2801118725719132,5.228820587419762,2.050691840451856,2.479498165934475,0.6219659733746123,0.6829948056950161,12,0.5537649270886384,0.2022385889063535,7,0.6800181269408045,0.37724391643849614,8,0.541958576432321,0.3406716082611021,14
3,1,3,4,2,2400,420,521,0.2631313131313131,20.424688093706706,2.9480854008267774,10.21979512568352,1.075975637565463,4.813962368127056,2.0849751654203716,2.4842400463674124,0.6510616304223221,0.7226880217626067,12,0.6122443963110449,0.23604203755858735,6,0.7453293341148793,0.4490316204581259,7,0.521407215753942,0.2745124722097873,8
3,2,3,4,2,2400,420,509,0.25707070707070706,21.639826782944443,3.6550305550826137,10.030185028105784,1.2182523023674932,5.114041147030114,2.1367245198842597,2.5117770552771805,0.6432343746815796,0.7158676679035293,8,0.6069142641298624,0.33141660756488345,6,0.7316454127343457,0.5641374258812956,7,0.5553749748437988,0.2970494653898389,10
3,3,3,4,2,2400,420,526,0.26565656565656565,20.075070219907225,1.818048974237464,10.176802732314192,1.7208363593159461,4.920337908356752,2.5190160868959444,2.4756246829126116,0.6541253846890765,0.9821736329000137,16,0.5864762609992047,0.05453301650328013,3,0.7274513899438041,0.2180838906686876,4,0.5259097489891542,0.4812421357782121,14
3,4,3,4,2,2400,420,487,0.24595959595959596,17.22322840592726,0.994378799263235,9.744282859129727,0.692715365669002,4.631952937743902,1.8808041970094078,2.490784082757885,0.6145817738115614,0.6145649694971838,12,0.49292948024810834,0.008934596184252082,2,0.6327184592509122,0.08249713942394907,3,0.47185155099379655,0.12736676934090796,6
4,0,3,4,3,2400,420,481,0.24292929292929294,18.9909848361061,2.005001705512833,10.298603310012725,0.6480246298272362,4.921880448437209,2.1217065548558933,2.5263971440647053,0.6158963242414451,0.7193000457927834,16,0.527124570999859,0.12927517838629854,6,0.6634454326483722,0.2474371644406187,7,0.4966105234444546,0.11486739814990732,6
4,1,3,4,3,2400,420,448,0.22626262626262628,17.519060686840476,0.5664403472041664,9.959808485150829,1.3498737746621816,5.07928886357917,1.1475865677128396,2.503891914728873,0.5651900721079802,0.2931409888810763,8,0.461918673383896,0.0,1,0.6067469057153925,0.02743397638940647,2,0.4771453174877404,0.3319739976266695,10
4,2,3,4,3,2400,420,482,0.24343434343434345,18.444175626429896,1.7738290081519668,10.138093225099613,0.7896007793082119,4.745905492825215,2.1223082085814466,2.4782469555135873,0.608457228469084,0.7916130158273058,12,0.5115531307942794,0.12046082038333027,7,0.6503716327583834,0.21555844528529725,8,0.46797346327882544,0.1336073521371752,6
4,3,3,4,3,2400,420,485,0.24494949494949494,19.53022359192511,1.856883565533965,9.873940844863522,1.3178721439524386,5.353614589443019,2.151853046883432,2.4843463116127857,0.6142228707655408,0.7785373696452296,18,0.5225807204495072,0.08966067401622568,5,0.652568278926763,0.222278719033966,6,0.5385057307594665,0.2919463535142436,8
4,4,3,4,3,2400,420,504,0.2545454545454545,19.645900026157495,2.374574657201639,9.753067247530703,1.3249983032837562,5.0554037155526705,2.2310528134988656,2.5030770594149763,0.6324255333791732,0.766583016578593,12,0.5336932734618034,0.16629129702012083,5,0.6608623841107616,0.3184772385350506,6,0.5189284299387102,0.28996238340993014,10
5,0,3,4,4,2400,420,501,0.25303030303030305,17.946059375177867,1.073721315552324,9.780722105589591,0.9569558094233354,5.002092552612043,1.8688906333910555,2.5351241800388538,0.6368921304818258,0.5906972700164547,10,0.5195173228266795,0.007936779545449532,2,0.6664143614428656,0.08676298652357123,3,0.503183330848352,0.20735779519780143,10
5,1,3,4,4,2400,420,489,0.24696969696969698,18.971563601311033,1.7671377671312145,10.233458998618763,0.9400592943632338,4.93775266466952,1.636572060413181,2.501676512583306,0.619378078921796,0.5136089900163984,10,0.5664844335539091,0.03862093694105146,3,0.7075762054829404,0.1818300547078652,4,0.5001044310654268,0.18493409301859956,8
5,2,3,4,4,2400,420,478,0.24141414141414141,18.49338275046844,1.1482093007854686,10.353763021751144,1.012415899304122,5.039622358095459,2.0909525325792466,2.4803040204569675,0.6020286574988909,0.6630734757460988,12,0.5115107459530892,0.008679593171478813,2,0.657695271946026,0.08163676114575771,3,0.49272399051472526,0.20811010069394348,8
5,3,3,4,4,2400,420,502,0.25353535353535356,19.272598456851895,1.8786838072378136,10.392821519199009,0.9585849005919078,4.889030519383685,2.1169811595439025,2.517748154524089,0.637316872438204,0.7415735410506172,12,0.5653496369345228,0.057679632480451486,4,0.7029333898548199,0.2102780106540826,5,0.5098913142690554,0.21252503161547165,10
5,4,3,4,4,2400,420,530,0.2676767676767677,21.063764277711527,3.33466919601694,10.109618550601729,1.1715204552972638,5.0534091324007315,2.3939049921348152,2.504642359101378,0.6727711934319631,0.9476702506071901,12,0.6184691353879842,0.24987123148917492,8,0.7400716215034616,0.5035329085307274,9,0.5590727881494593,0.261306752031249,12
6,0,3,5,2,2400,420,478,0.24141414141414141,18.082471080411178,1.4213455789095488,9.742472036020946,1.2623766142868302,4.825426932538781,1.7824071595547308,2.487767217488285,0.605096914673172,0.6046620449765319,12,0.4906277670041232,0.0680198671147598,4,0.6188970268687702,0.17383985452494166,5,0.4808680645844746,0.30156787905592386,10
6,1,3,5,2,2400,420,491,0.24797979797979797,21.084543641708624,2.6253498117694702,10.082111861361401,1.2487434296401188,5.211989240886616,2.542369787718223,2.4957993402489724,0.6164251613060459,0.9314439393533931,14,0.5626612969262926,0.16653755417370172,5,0.6902919944114018,0.3463067586446673,6,0.5499612219667991,0.3033119716765135,14
6,2,3,5,2,2400,420,520,0.26262626262626265,20.487737701424624,3.2081300069627874,9.900391239250748,0.8621828365514128,4.777829609097513,2.7142045556063565,2.5293547632259776,0.6619171828289333,1.06044292750368,14,0.5759737364461915,0.2953338150852804,7,0.7018615105450029,0.4936442292350366,8,0.5145552741989955,0.16890496197769575,6
6,3,3,5,2,2400,420,483,0.24393939393939393,18.92585592572988,1.8584233250794073,10.084464034665485,1.068693438174482,4.784325972174221,1.8346146680161903,2.4911421735062915,0.6124839496184532,0.7027694152361242,16,0.5381982714789437,0.05691772837754485,3,0.6660425089063167,0.2115832875743675,4,0.49172239158457287,0.26560954107186935,10
6,4,3,5,2,2400,420,473,0.2388888888888889,19.00021792393701,1.723827192966169,9.912100997420275,1.1983573666614353,5.111476246346306,1.7242362077351072,2.492604824635886,0.5981065948656136,0.5457270206611775,12,0.5192099828309994,0.09394262385756076,5,0.6543149323263004,0.20783775820265565,6,0.5017323744951738,0.2848467400359733,12
7,0,3,5,3,2400,420,530,0.2676767676767677,21.535836858926523,4.249178058512607,10.039481547825812,1.0260498500362154,4.649696820471234,2.60057433321842,2.5021283260951055,0.6623932060785368,0.9206812232084055,14,0.5952467253652542,0.4897105655933129,9,0.720918814479714,0.7079410236151887,10,0.5287310937257027,0.2516795794455314,10
7,1,3,5,3,2400,420,483,0.24393939393939393,19.641215396158795,2.3228895460559946,10.054865238042597,1.3400775055511673,5.282748821501599,1.85711338590426,2.4968653062362702,0.6126101454387877,0.6322553019033232,12,0.5359823122503344,0.172214989639574,6,0.6629795783173237,0.32720550368894064,7,0.5162175069370672,0.31902865040628825,12
7,2,3,5,3,2400,420,505,0.255050505050505,19.212967484103544,1.5770308101629706,10.027081811250419,1.2228665325048516,5.04624119897934,2.2865792744622064,2.5018214715680367,0.6348815173007563,0.8473660903823619,16,0.5392348226028683,0.06274485171803319,4,0.6792618568637147,0.18189857153836025,5,0.5295201257229639,0.2888855094546224,12
7,3,3,5,3,2400,420,462,0.23333333333333334,19.438776868989326,1.593391615698229,9.787958395706832,1.5734182299928614,5.181361301789553,1.8987960307507612,2.5358947966224807,0.5887418899993108,0.5998654180042229,14,0.4970381081761405,0.04088780630829313,3,0.6235173028881017,0.15848833034854942,4,0.5154215842166413,0.39700276963750625,14
7,4,3,5,3,2400,420,492,0.24848484848484848,19.92463750231364,2.3731748591014554,10.155720437377113,1.4753341932074513,4.926075959240864,1.7229381187134556,2.501727029560709,0.6186505290702693,0.5459489075431293,12,0.5515376402964703,0.16942011234491786,5,0.6871820540524133,0.3140245113735587,6,0.5103289474480728,0.37715080934628015,10
8,0,3,5,4,2400,420,505,0.255050505050505,19.270008506260726,1.4984170537680985,9.89653077195133,1.6284367425332866,4.872012043655311,2.4823491225192744,2.51026218522034,0.6407553790913453,0.915007465486964,12,0.5239181144090351,0.049244658930657485,3,0.6624235285148073,0.15764653102237744,4,0.5127516786407061,0.4788186156342606,14
8,1,3,5,4,2400,420,465,0.23484848484848486,18.584330610354993,1.1294595219314836,9.973459202436347,1.1043292375427154,4.850802433817416,2.158132640596416,2.527095407605244,0.5979402629849294,0.7472515418219156,18,0.49135087924094534,0.018566654124192967,3,0.6297494524378432,0.09472181377444489,4,0.47528064250534235,0.2356393764343268,10
8,2,3,5,4,2400,420,462,0.23333333333333334,17.47676278907304,0.9004700001235248,9.958429211482718,1.0362321646328034,4.628820481333435,1.9117590925316277,2.5052667735639496,0.5840734940265505,0.6200048768534114,10,0.4632027814737246,0.008721069283867644,2,0.6002221796590763,0.06086565620153816,3,0.4337619974293034,0.2592411805553674,16
8,3,3,5,4,2400,420,494,0.2494949494949495,19.902360035845447,1.319355902292089,9.937072259939809,2.286857777117655,5.329085103936353,1.8544266667545273,2.5126216510901047,0.6229975913630444,0.6063980604052238,10,0.5257871006839898,0.024692792656774324,3,0.6663724380306693,0.1287238813007261,4,0.5569040400532912,0.6900254882385382,14
8,4,3,5,4,2400,420,513,0.2590909090909091,19.642799887951348,1.7910031142893268,10.246664043273194,1.4676906802462613,5.227863614442499,1.7668221174782164,2.4917672497615264,0.6440098533091241,0.6222060601638226,12,0.5728505301530169,0.04229716013594061,3,0.7165090760746021,0.18417205252420182,4,0.5659838103425583,0.36015885757762967,12
9,0,4,3,2,2400,420,514,0.2595959595959596,19.58032247883626,1.717172707062328,9.738926685314468,1.2503263716979978,4.807173470481572,2.273536479944816,2.4798380062845395,0.6414695167850931,0.8398341496119567,14,0.5660691599406963,0.048686952134226254,4,0.7051850489531817,0.19740844503746555,5,0.53761606823589,0.3537088508436159,10
9,1,4,3,2,2400,420,515,0.2601010101010101,19.711183323534286,1.615902629151872,9.907744977729124,1.8721552728126694,5.020800174132259,1.9406791685789098,2.518799068229562,0.6594941239477232,0.6846956745780115,12,0.5667544464639608,0.04286447378912113,3,0.7116521242371979,0.17492588693336952,4,0.5439525753219708,0.5367186782286126,16
9,2,4,3,2,2400,420,440,0.2222222222222222,17.390407982449496,0.9860183287073293,9.94566633052592,1.0031121683962492,4.8909436438379785,1.2666568306884936,2.5158073792811577,0.5566913206720409,0.3118980637000634,10,0.45712465647247585,0.022927900019359463,4,0.5893572882018809,0.08335466130362026,5,0.44841139044174455,0.20525136779056077,10
9,3,4,3,2,2400,420,526,0.26565656565656565,22.745614537812827,2.356607458814196,10.109023907818965,3.551440738484904,5.7478711112837315,2.3532435848454987,2.500060139405175,0.6577664210291919,0.8845641280349892,14,0.5769351285737602,0.16839661482654814,5,0.7176850317790505,0.3230820337844366,6,0.6353701086825292,1.2005259843933322,18
9,4,4,3,2,2400,420,503,0.25404040404040407,18.75099349589687,1.8458509007470087,9.848807153486527,0.9158805774543832,4.56004900974489,2.2095670011336668,2.5217208715623394,0.6420421225022624,0.7980580307396145,12,0.5354823868117571,0.0937265280917976,4,0.6701273209584547,0.22527411246346224,5,0.48939919927817543,0.18407656996580454,8
10,0,4,3,3,2400,420,479,0.24191919191919192,18.664577510338844,1.4108586794381546,9.75712595695027,1.1462422399544816,5.0544031457591725,1.6195307625051314,2.5047826055531015,0.6032069050017291,0.476680984110668,10,0.5117899351836139,0.060295395280776126,4,0.6489875672056965,0.16049243439814276,5,0.5233094166063791,0.25730887738350855,10
10,1,4,3,3,2400,420,508,0.25656565656565655,20.77390187656582,3.427764350641566,9.875862619148009,0.9293768273005003,4.625076106976075,2.7920101704951925,2.505986392573154,0.6460034197150396,1.1110993457848704,20,0.56260502675431,0.35912511761781446,8,0.6870783176019981,0.5483102718290582,9,0.5033858086127999,0.20103334554959282,12
10,2,4,3,3,2400,420,491,0.24797979797979797,17.52285763885564,1.3917467875616925,9.853855296342328,0.8477630577368294,4.936573409791789,1.8726440874852148,2.511421410159292,0.6227978961354805,0.568235761149832,10,0.4831967179590862,0.044150860402849254,4,0.6167925541839332,0.1265600696873941,5,0.49018918721454346,0.1264400570712232,8
10,3,4,3,3,2400,420,495,0.25,20.232152390447038,1.5305679316327112,10.192395472736992,1.7650444080326382,5.328005485550791,2.10187502260901,2.511063130291441,0.6300204468865879,0.7221771842551771,12,0.5507330695528028,0.05495196355918796,4,0.6969143277954322,0.16714125838410213,5,0.5616974643091692,0.4272514593950889,12
10,4,4,3,3,2400,420,507,0.25606060606060604,19.7606404725414,1.9416109710146552,10.14407323427412,1.5011199540345657,4.925793470456546,2.3297991509214446,2.4920703975350254,0.6356387673280988,0.8472223034420477,14,0.5503788373612011,0.06312796111783577,4,0.6890165150317178,0.19759376546748664,5,0.5147878525668103,0.39843536898644516,12
11,0,4,3,4,2400,420,476,0.2404040404040404,18.951096193332194,1.6208271439400679,10.13664956387117,1.124027799195466,4.980687867272822,1.8489574388226524,2.4861528784340035,0.604857236372115,0.5866543292728813,10,0.5200512437994138,0.0654490272062145,4,0.6569977047867871,0.17466088804350813,5,0.5086546827782461,0.26264554694951603,10
11,1,4,3,4,2400,420,522,0.2636363636363636,23.057541693250663,1.722744658197853,9.889689437964583,5.955252969599869,5.669258726483513,2.087791966114322,2.4960020815764747,0.6557948620725664,0.7609193471989594,12,0.5534542762961289,0.060361545995019555,3,0.6926780711478043,0.19614443773612159,4,0.5887434989689893,2.077760989179334,30
11,2,4,3,4,2400,420,473,0.2388888888888889,17.525666270540572,1.5006787710606717,10.00024380900016,0.4849481466711758,4.256399350281139,2.0474978542691784,2.491044416358833,0.5979790939033083,0.6928858526563766,12,0.5112000785880471,0.04765420888198465,4,0.6441886938499165,0.15988844168442268,5,0.39735477415907305,0.08690237208843095,8
11,3,4,3,4,2400,420,489,0.24696969696969698,19.706318628226562,1.205920700804557,10.164075096571704,1.4785926488817374,4.920248407086704,2.5841375572219616,2.507424663087593,0.6166921698747205,0.9109030753796298,16,0.5381575985466649,0.030676855628608665,3,0.689196039595012,0.1157191310302343,4,0.4951373696373373,0.37703588690983625,16
11,4,4,3,4,2400,420,498,0.2515151515151515,20.594125834836824,2.2124271648032394,10.025406437358464,1.6464461724935238,4.863414298691002,2.505018165319118,2.507326926675543,0.6288154429671294,0.9178433714256353,12,0.5580023979274161,0.11152952366959919,4,0.6852488437582464,0.2877925841045275,5,0.521181604971471,0.44859112330511136,16
12,0,4,4,2,2400,420,493,0.24898989898989898,19.82985249140216,1.3051188726101286,9.934905540006636,1.138502235785238,4.8898688572989135,3.019519987033476,2.4904523519253305,0.6207792832822181,1.149022378872896,24,0.5238019725348743,0.03464231378450334,3,0.6676783315633399,0.1268152092339808,4,0.5302293940947789,0.25168136935241653,10
12,1,4,4,2,2400,420,531,0.2681818181818182,20.86220685213393,2.726632668896454,10.140462707369757,1.2990021437775194,4.810359562172981,2.616002731754048,2.5103275142004,0.6741536206620236,1.0341709777610686,18,0.6177160620770642,0.1981626854647065,5,0.751276024918312,0.4151988590180266,6,0.5356991330601731,0.3491784688427664,10
12,2,4,4,2,2400,420,481,0.24292929292929294,19.494870273415184,0.9883521940740613,9.75091930013852,2.2491397778005533,5.2495923115822585,1.7199536183376465,2.4990485509947136,0.6038318240903088,0.5285905180558095,12,0.5058157163138126,0.01218754710215891,3,0.6528251192421006,0.07697505463110679,4,0.5369617195441063,0.6127997605683039,14
12,3,4,4,2,2400,420,503,0.25404040404040407,19.907514321757997,2.4061982738547822,9.92986630059649,1.09916261499739,4.939591796569214,2.3999924090569142,2.52111395212257,0.6392071682031899,0.8973327775982515,18,0.5493101797583089,0.16431842422511925,6,0.6751849751535061,0.3360042177978371,7,0.5275713454550148,0.26405639732535696,14
12,4,4,4,2,2400,420,518,0.26161616161616164,19.38073489237226,1.4668235519113817,9.702447072756751,1.778689321786767,5.27058945234868,2.061085890271164,2.4877626130708874,0.6484752049071956,0.7284769551744406,12,0.5440905064733889,0.04301451020605136,3,0.6842283088298132,0.166691609610167,4,0.569678609551903,0.47307312957210707,12
13,0,4,4,3,2400,420,487,0.24595959595959596,19.00266143068237,1.7017763854697954,9.923719121946345,1.0671321770679687,5.247901234739146,1.8242043598977855,2.4865274623515874,0.6185627292766059,0.7246730492908533,12,0.5342904169440198,0.05688065949150997,4,0.6651828958244276,0.19849363979430645,5,0.5360812589560092,0.23372298456071225,8
13,1,4,4,3,2400,420,471,0.23787878787878788,20.197439192796608,1.7519551346235243,9.848468346284701,1.5012955392655936,5.079414571153466,2.216780314412693,2.4876328057031007,0.5897581263697994,0.7701538852574082,16,0.5308462029537429,0.07305898225612538,4,0.6634595298324412,0.20606520457377234,5,0.5135196927107915,0.4036938274158087,10
13,2,4,4,3,2400,420,451,0.22777777777777777,17.751130194855588,0.8997646077633649,9.858319237720954,0.8314151178528976,4.8537995434570975,1.735638300773448,2.5213511314539745,0.5750143693830692,0.49971963894336247,12,0.47309409694638926,0.008816771426303502,2,0.610128467875925,0.07080775558408674,3,0.4608658152373406,0.17161167192319818,8
13,3,4,4,3,2400,420,517,0.2611111111111111,20.191177062697786,2.104846490666703,9.926497140176169,1.9237420587396525,5.387194299144004,2.4299358973907186,2.476884585538945,0.6455466842008956,0.9502844120305863,16,0.5391362107425453,0.14092404633999248,5,0.6723760682379037,0.2803406845964625,6,0.5664315959137896,0.5331093998981048,12
13,4,4,4,3,2400,420,469,0.23686868686868687,19.62148156324628,1.9080886002467106,10.10554172320649,1.0732137831403168,4.6780568480764275,2.331234610265342,2.5076446825535306,0.5929641491044921,0.8280161992739093,18,0.5291756074535117,0.09811874671831086,6,0.657389383964381,0.24265302463921384,7,0.4649655588788179,0.2395038992965082,14
14,0,4,4,4,2400,420,478,0.24141414141414141,17.694298193403174,1.5645986096577376,9.610462060197749,0.5298578962187127,4.480995063899678,1.973289876705047,2.4898864667337977,0.6091773451867741,0.6268941983217436,10,0.4954796261950787,0.0706554288510592,4,0.6262315255207899,0.1738793570690049,5,0.4659684258233,0.08433408121524799,6
14,1,4,4,4,2400,420,449,0.22676767676767676,18.198397803273018,1.1732888257536003,10.067474983942592,0.8070355655493825,5.244529629612592,1.6089202011896846,2.5014086723381723,0.5672803085421968,0.42669689347911,12,0.49208149634367426,0.026911261081926055,3,0.6299487884442422,0.1053908811238971,4,0.4741607975096345,0.1434143818300436,8
14,2,4,4,4,2400,420,484,0.24444444444444444,19.49693825457193,1.3615446653127015,9.86167343524853,1.6062235931919737,5.114352183620553,2.2251984161318097,2.511723523052059,0.612751980765049,0.8029149316573371,12,0.5206248342928107,0.037754115015460436,3,0.658714134446749,0.14411104884645742,4,0.5210399619114026,0.40329536944496136,12
14,3,4,4,4,2400,420,492,0.24848484848484848,20.52383418756693,2.2559827354609707,10.040468084182956,1.1168602562217844,4.656790736891132,3.02616793364202,2.4979233915981984,0.6254406706493054,1.1729260509925552,20,0.5597184346266673,0.15112325120645073,6,0.6976684345672258,0.29699168601144216,7,0.4801854673547732,0.25836827888509517,12
14,4,4,4,4,2400,420,496,0.2505050505050505,19.16036943821882,1.660196798558429,10.03900583926302,0.9465263944801281,4.756547464657063,2.334267954527794,2.5010091958297966,0.6286832096291137,0.8236451558202146,14,0.5453587217771254,0.08100111089879711,4,0.6862684471084951,0.20363065668181465,5,0.49469379695464777,0.207711262190886,12
15,0,4,5,2,2400,420,477,0.2409090909090909,18.708349878230518,1.658046178886221,9.857808473863761,1.1955901562795868,5.0899352874804,1.9804923329465691,2.4827907367769897,0.602644996504781,0.6967461124303235,12,0.5096256446434857,0.05094996836350804,3,0.6337614063115641,0.18816832800276023,4,0.4943942327947923,0.25673950905676013,12
15,1,4,5,2,2400,420,482,0.24343434343434345,20.734562844634866,1.6878448580154046,9.962415955734322,2.2338970119580526,5.475573659765266,2.1951680961524906,2.489936440820893,0.608442911623563,0.7573124532612284,12,0.5316098635888856,0.08027298156058957,4,0.66955198298933,0.1980564869481431,5,0.5616631382915985,0.6407637696400192,16
15,2,4,5,2,2400,420,477,0.2409090909090909,18.563816764527665,1.3583455831569773,9.829850581628245,1.4982516103163601,5.280996312873785,1.774137571257969,2.4845398718637544,0.5946555492800777,0.546310983997433,10,0.4888794280926665,0.029258094239866517,3,0.6190905930001506,0.12750402761008048,4,0.514451026195728,0.3652601847305887,10
15,3,4,5,2,2400,420,515,0.2601010101010101,17.89237765062681,1.0953518487406366,9.770023501632378,1.3097131216701408,4.5918256338926895,1.8832875369792643,2.4616888080343076,0.6390016311008643,0.6015511692300071,10,0.5267458842269788,0.034618409135000944,4,0.6787518111220346,0.10534651267681228,5,0.48451018216918035,0.35195981816823524,10
15,4,4,5,2,2400,420,487,0.24595959595959596,19.091887699675382,1.4582947712439105,9.9314938718621,1.1602172882169361,5.191639372884583,2.0412016972347113,2.4987352335425443,0.6159047628230433,0.6661126056537738,10,0.517148964326688,0.015276029278433353,2,0.6556969744169657,0.11678096333428713,3,0.5380198541691833,0.27330892198512646,8
16,0,4,5,3,2400,420,454,0.2292929292929293,17.818511264595124,1.3330738657018368,10.197312688570541,0.8508713594909081,4.599308218943627,1.5518115464384772,2.502716597372185,0.57481181263484,0.4249863395591948,10,0.49857036334310706,0.033291144574695404,3,0.6337453201084894,0.12633663762165523,4,0.42741046075031675,0.17839669162050606,12
16,1,4,5,3,2400,420,513,0.2590909090909091,19.894801074703157,2.0247484785979846,10.104867820376816,1.9975364332644838,5.264604101110206,1.7114417721447297,2.4817620850156157,0.6481598955948545,0.5369442547632037,10,0.5775015660689583,0.08396522828607958,3,0.7118388698446245,0.2584548830280397,4,0.5489867427789189,0.5533696369190679,12
16,2,4,5,3,2400,420,492,0.24848484848484848,18.563744585503724,1.2386381722914603,10.113557057499099,1.0634924357489313,5.08165040372341,1.8003864594504022,2.4927828861748687,0.6189021853053482,0.5644505503333506,10,0.527114056644129,0.025869926019139157,2,0.6740709160619015,0.11211340440994895,3,0.5243832444531777,0.21645082329964427,12
16,3,4,5,3,2400,420,490,0.2474747474747475,19.648878476197552,1.8199247896814374,10.223664583732715,1.0763707474526658,4.91593723058015,2.0398400963185725,2.505668484666862,0.6188841440308733,0.6671418401422139,12,0.561608944968436,0.06506038201624084,5,0.7021152574698083,0.20515038948055853,6,0.5138520231145205,0.250958871713761,10
16,4,4,5,3,2400,420,479,0.24191919191919192,19.26412738885472,2.20862867108424,9.968712705516873,0.8897015874435643,4.944902816898289,2.1179778101198696,2.5184942367999614,0.6074437292737158,0.7071060460617898,12,0.5210000117167054,0.12479399133948123,5,0.6484805110662099,0.26335250500767304,6,0.4845524678741691,0.16873429039084467,12
17,0,4,5,4,2400,420,485,0.24494949494949494,18.47041375690766,1.3379185056781282,10.162601604058077,1.0511062424709476,4.798125890543314,1.8787753868125108,2.5064038121472825,0.617577526192503,0.6590024935581895,12,0.5218883478586108,0.03393041576666965,3,0.6638544981170149,0.1299203128500671,4,0.49206574212331444,0.24502403347370283,8
17,1,4,5,4,2400,420,515,0.2601010101010101,19.63821800474268,2.0402195670823864,10.19322125433136,1.2553036994948994,4.920053297744777,2.157413336887553,2.49155875909197,0.6454276062165003,0.7172053109320494,10,0.5741254026698595,0.09127421025143559,4,0.7198575497140841,0.22820317178862234,5,0.5230100156870957,0.2930234699515253,10
17,2,4,5,4,2400,420,536,0.27070707070707073,23.50603704716376,3.7049551671271987,10.223104596833823,2.2260764489030693,5.272531630072592,3.121126821532005,2.5120392581304847,0.6821102880486691,1.310019509436313,20,0.6404854390252473,0.35397291943576964,7,0.7698011416638817,0.6065112505451148,8,0.6040298944673966,0.7112600480929074,16
17,3,4,5,4,2400,420,463,0.23383838383838385,18.226433382468375,0.7487699294136685,10.093114114845857,1.8210242499082234,5.099862303787895,1.712349993628337,2.4930760653052317,0.5918223205965459,0.5683815458624679,10,0.46633194917460885,0.008909142885482477,2,0.6059352520503454,0.05643118343288109,3,0.4962778088562797,0.4857782139798052,16
17,4,4,5,4,2400,420,514,0.2595959595959596,19.36530749074564,1.571977013478263,9.894488441993927,1.5045171237259596,4.72931639079284,2.34501953035101,2.5026527343732514,0.6484104064663085,0.801866297005891,14,0.5505473233083743,0.03634856166319532,3,0.692751269366629,0.16028404679680508,4,0.5131343315066603,0.4477545089165879,14
18,0,5,3,2,2400,420,497,0.251010101010101,19.90967959890371,2.05018176520441,9.99587987677192,1.3955893327251083,5.330307725079148,2.48337230879924,2.5170391067251634,0.6240159978734597,0.9028110001377829,16,0.5088590001099845,0.16539778298050278,9,0.6465609930318444,0.26115080432490706,10,0.5432281703779619,0.3092919215622171,10
18,1,5,3,2,2400,420,495,0.25,19.14912920009681,1.3921385186061845,10.13053506836065,1.9886059267158953,5.160053308461116,2.011898032620213,2.4827335006948603,0.6249277526890973,0.6927390420775089,14,0.5143643376107592,0.04149532560033165,4,0.6553154782838665,0.13300624119176788,5,0.5186962405346689,0.568587095535097,14
18,2,5,3,2,2400,420,496,0.2505050505050505,19.698369002002057,1.804454656032556,10.094293315645514,1.270495840435598,4.906769864011372,2.0793005421880437,2.5171360112360968,0.6290939354869414,0.7270236605048026,10,0.5582191945047321,0.07736556395489078,4,0.7009892622501649,0.20727455522332508,5,0.5202594612550303,0.3372082335694813,16
18,3,5,3,2,2400,420,477,0.2409090909090909,18.757643181334714,1.3947520218513876,9.89255344926285,1.3791440741356058,4.943902478869504,1.8411460452252453,2.4783285217162563,0.6024955253914421,0.6288640386583909,10,0.5168789725869953,0.04002534620081803,3,0.6504311020330101,0.15624793044976937,4,0.4916716612969351,0.3218255483471372,12
18,4,5,3,2,2400,420,523,0.2641414141414141,20.90645610964735,2.211950586290062,10.000394443225336,1.8118649574337584,5.238417366093998,2.0847392696797624,2.496662568538389,0.6594151045671393,0.740738734912154,12,0.6134424445504475,0.11228708099460448,5,0.7567506640116127,0.2958048671615541,6,0.5768370414987771,0.5099081846336633,12
19,0,5,3,3,2400,420,482,0.24343434343434345,18.300062210030042,1.1540815362921137,9.90782153418499,1.3246657030857374,5.211263862700906,1.691498589042734,2.489623381678435,0.6075497531425339,0.5410747881793007,10,0.5006387664130002,0.032094433735195445,3,0.6422111003453254,0.10801619835122109,4,0.5185204649556068,0.3013352702398838,10
19,1,5,3,3,2400,420,528,0.26666666666666666,21.0712551151482,2.0674487980304432,10.040253668255438,1.9733227476228414,5.214748520158888,2.676232418229849,2.495089908530488,0.6724422981933907,1.1386541584801875,14,0.5950438001025531,0.062473785921476996,3,0.7266325540265233,0.2627513242521223,4,0.5924034712155213,0.618626113468091,14
19,2,5,3,3,2400,420,455,0.2297979797979798,17.61297859714866,1.13234021004939,9.904110390205163,0.8768042932228035,4.929657029512458,1.3305117259730066,2.4915432012485814,0.571049784141869,0.3417299552908108,8,0.4890002273767967,0.025981579035143938,3,0.6263963452324146,0.10279345284508769,4,0.45527684695532067,0.17228748829922289,12
19,3,5,3,3,2400,420,479,0.24191919191919192,19.400032373372905,2.3288643649857788,9.994374351333486,1.0283394667878016,4.897794951088369,1.9563463408109185,2.494578845122278,0.6082292681729706,0.6497417988664662,10,0.5388057541580686,0.13678983854637697,5,0.6662480894669749,0.2932685867777279,6,0.48165732723284616,0.206814786372793,8
19,4,5,3,3,2400,420,530,0.2676767676767677,18.992956060153602,2.281391993891832,9.999904166975119,0.7600632498747133,4.60026692369569,2.3442812759708653,2.48057992528574,0.665105702113417,0.9191014702328543,12,0.5799095374159579,0.12047673247798546,4,0.7113924427985752,0.3059375537460918,5,0.5046387431590796,0.13644222892927496,10
20,0,5,3,4,2400,420,503,0.25404040404040407,22.477039092971946,3.6398894788084037,10.247996865116868,1.9601698358641888,5.234674002189021,2.438541610208978,2.5021562052889768,0.6355029817184261,0.9018621595513653,14,0.5977864033996292,0.3023223805044817,6,0.7176011541937201,0.5406645315218347,7,0.5589152944225064,0.5468814082460413,14
20,1,5,3,4,2400,420,475,0.2398989898989899,19.84783639127839,1.310783696308006,10.11195646802747,2.4756215661918,5.159706664740295,2.1547585165847702,2.518766780570097,0.6071450083332433,0.7271495242193198,12,0.5068427655699252,0.027273956385577933,3,0.6426153133902948,0.1267990784943944,4,0.4949963515577807,0.6846086316166271,16
20,2,5,3,4,2400,420,530,0.2676767676767677,20.58028161500408,2.7593229880620442,10.022166835514073,0.9635240286947772,4.939011426035777,2.596680345213633,2.503820218894418,0.6644199984423871,1.0300453246835506,12,0.599437394012738,0.1961373468681187,4,0.7280705862907056,0.409675164046955,5,0.5569911165244938,0.20593729026765234,8
20,3,5,3,4,2400,420,464,0.23434343434343435,19.48273647485378,1.5850257267220995,10.047050280394497,1.5655549007596692,5.329914250647523,1.6333534793311413,2.498534056316574,0.5775476569041132,0.44788677193316373,12,0.5017206569205255,0.04177955419964681,5,0.6368203025257031,0.13820127430463966,6,0.5363863099354129,0.358119710808758,14
20,4,5,3,4,2400,420,525,0.26515151515151514,22.125462827129546,3.288474468534735,10.15968179999626,1.625031165335888,4.7815281887314605,3.6872203948327624,2.5104964348377528,0.665537484295734,1.593406949013027,28,0.5896806796384405,0.26310839023439375,6,0.7110316317537807,0.4887362135268127,7,0.5220389321906325,0.47887887457962264,14
21,0,5,4,2,2400,420,504,0.2545454545454545,19.592909725721288,1.956007658639246,9.573694558559497,1.12857218264738,4.691713162607001,2.911944075613489,2.4727431676587925,0.6294511651383097,1.1353624887140294,20,0.5267273545726142,0.08709596073911051,4,0.6510400858499873,0.24088512147960522,5,0.5150776587267074,0.2676463546456519,8
21,1,5,4,2,2400,420,493,0.24898989898989898,20.537674237523163,2.1123907854554607,10.17839900980383,1.3131908368085086,4.934752578648307,2.7075724768016585,2.5126324703018024,0.6269652047610752,1.0192590479107424,12,0.5645248758720868,0.10154841896801153,4,0.6971454958723985,0.2682114348391642,5,0.5080606128096284,0.32304348278165534,10
21,2,5,4,2,2400,420,494,0.2494949494949495,18.910480030060288,1.243803425959545,9.826516845013884,1.7562675861234185,5.185901506099895,1.997788752700069,2.526705455284897,0.6241127867511402,0.6603428242978763,16,0.5057367426061005,0.018247963983763195,2,0.6454814729767603,0.1047505154778844,3,0.5197752946584329,0.4650264044610946,10
21,3,5,4,2,2400,420,507,0.25606060606060604,19.103748803956616,1.7436163474367772,10.036073868215256,1.659331125831021,4.917006667290043,1.707390894682675,2.5133194536993213,0.6371372977853522,0.5565241641681974,14,0.5453124657993694,0.0694282084118131,6,0.6831375115964397,0.20126553681997028,7,0.4991654544626511,0.40488225304729386,14
21,4,5,4,2,2400,420,496,0.2505050505050505,21.035107351262678,3.054261768702149,10.269230236551763,1.2213035937399166,4.947667024601349,2.44610150768457,2.5011596047931475,0.6223263027407634,0.893980557201957,14,0.580424855113581,0.20228319999133873,6,0.704384270959238,0.41082980756794696,7,0.5092675284153547,0.2768244759488757,12
22,0,5,4,3,2400,420,508,0.25656565656565655,20.246617036879975,3.0521450384031166,10.13794266116045,1.343700894672248,5.351787895826372,1.9644264242896914,2.506426409093252,0.6449812297983732,0.6826394679606986,10,0.5603162610291226,0.26330237719601707,6,0.6875675333024356,0.4418648214052008,7,0.5479545666254867,0.3520347393440871,12
22,1,5,4,3,2400,420,502,0.25353535353535356,20.527082442671144,1.774638329089588,9.98364519465913,2.524653999565665,5.278687174951472,2.026126533280383,2.4943023416252177,0.6308483447343024,0.7341747108402252,12,0.5370236691734223,0.09402180775447135,4,0.6697407416601294,0.23289425946777267,5,0.5661120161269039,0.8065522144785076,20
22,2,5,4,3,2400,420,529,0.26717171717171717,18.78847537402731,1.7047886989458576,9.77451476371681,1.1865450523871424,4.8022306678813855,1.9570894686944456,2.488033563007189,0.6659190845268121,0.7106167972737039,10,0.5773438026265113,0.03305242513643716,4,0.713074753915096,0.2032033738971954,5,0.5301321706626702,0.28567553219415387,8
22,3,5,4,3,2400,420,525,0.26515151515151514,20.168600953195494,1.9530910754204536,9.958222857835917,1.7863911367359042,5.027806224141873,2.684801362263351,2.509828719022691,0.6624113086092679,1.0326565956474134,16,0.560969296825358,0.1063396894375481,4,0.700273935913681,0.2493950689979362,5,0.5360084854947658,0.49677506885553474,12
22,4,5,4,3,2400,420,440,0.2222222222222222,17.898265628827307,1.1990548068915772,10.27441413315523,0.6353534423834075,5.053935790759142,1.597150878834437,2.494405295464011,0.5586657681868362,0.45277080302864764,8,0.47458435156852924,0.01607325980904325,3,0.6040635629901462,0.10221997711272157,4,0.4722549225559907,0.07728495604295504,8
23,0,5,4,4,2400,420,541,0.2732323232323232,20.024457476630978,2.229782370722534,9.853572027132447,1.453517132037836,4.921996953685025,2.398097048193195,2.5168565596628962,0.6916986864286448,0.9273659785415698,12,0.5934734271343147,0.14785209372307817,5,0.7309898998085727,0.3287761028346211,6,0.5625443940726716,0.38048241482897655,12
23,1,5,4,4,2400,420,480,0.24242424242424243,17.84348494150105,0.8116421651330218,9.811289970368135,1.3748851354913754,4.992540753703374,1.385822828771785,2.4983423486921996,0.6041597221292283,0.3604453376638387,8,0.49013008185453527,0.0034226082256437126,2,0.635694638363412,0.056859020553549966,3,0.5172409534243463,0.3089870726811712,14
23,2,5,4,4,2400,420,512,0.2585858585858586,19.942898503407594,1.6944668565485057,9.98211438904141,1.534627754156721,5.103627362012291,1.9165173194563756,2.5218425324368505,0.6528693905866282,0.6730274240103573,10,0.573528457012438,0.04226479720521867,3,0.7189842923144747,0.1794257483115466,4,0.5695598452714762,0.44160861135803436,16
23,3,5,4,4,2400,420,511,0.2580808080808081,18.738098869772255,1.6183205337009545,9.818368408536156,1.3187740775177184,4.782573162495309,1.956120117036756,2.504438533917393,0.641218896435338,0.6698572374808813,10,0.5470557374524238,0.04729909096256512,3,0.6841887572424485,0.1829557690449134,4,0.5033230959039693,0.33078857463175143,14
23,4,5,4,4,2400,420,499,0.25202020202020203,18.62403307259838,1.4943991053120633,9.592460349200945,1.1490660827039632,4.888825994840725,2.518775276519894,2.49942011211163,0.6324331098535521,0.9519001935341942,14,0.4983023364343459,0.05103133663032514,4,0.629176653496798,0.15671072187731486,5,0.5081614487591437,0.28350033620250936,10
24,0,5,5,2,2400,420,496,0.2505050505050505,19.92822693235882,1.4543362551928969,10.068339297884068,1.8702745346302676,5.104047338580476,1.8793572067086237,2.4973545855921384,0.6253707653315883,0.6520598729339627,12,0.5559159243774658,0.032402289429813665,3,0.7016041934189817,0.1512534066827324,4,0.5439626000517046,0.5470291512576428,12
24,1,5,5,2,2400,420,490,0.2474747474747475,19.216033996259732,1.5485743676347723,10.14632954212899,1.3051453838711513,5.20102725493101,2.000483264812407,2.4951892765414705,0.6186701436185954,0.6705953340573947,12,0.5277486508768898,0.05192628868803316,3,0.6640041177547815,0.17090853893124824,4,0.544432447384581,0.3108528461316261,10
24,2,5,5,2,2400,420,473,0.2388888888888889,19.096812454779197,1.6640264319883016,10.036606407314762,0.9241074120239855,4.971770770755259,2.0131836964478302,2.5250181635254147,0.6004544083853196,0.6556535842418293,10,0.5208472442957023,0.05269609280638774,5,0.6586639323351967,0.16009327298360757,6,0.49392970362325966,0.19786235603730962,12
24,3,5,5,2,2400,420,446,0.22525252525252526,19.632950961748808,1.783617561008369,9.832208825351394,1.8037559730245385,5.1502849291769826,1.8207774451180172,2.506062984469043,0.5618931646946459,0.5279329003349201,10,0.4729488512467111,0.09542814316742425,4,0.5923903739133095,0.21005242641434105,5,0.49682041488525497,0.44402420874768606,10
24,4,5,5,2,2400,420,488,0.24646464646464647,18.961713917284843,1.4233100183537652,10.134455945046863,1.4025092258985732,4.8841797576091865,1.6336003557466974,2.50163371217619,0.6164801079855579,0.4939957006728539,10,0.5431268144907203,0.04208667386992188,3,0.688132268707012,0.15019712571176622,4,0.5069080607858931,0.3842963455187162,20
25,0,5,5,3,2400,420,493,0.24898989898989898,18.625949338387148,1.4958690324582844,9.913337460999568,0.6801982359794281,5.081163895719927,1.928141490142176,2.49936842241852,0.6225998514771673,0.625009232018085,10,0.5395606186804904,0.050711213546044416,3,0.6834288127333373,0.15866725006799282,4,0.5237233610232881,0.1107764561288462,6
25,1,5,5,3,2400,420,543,0.27424242424242423,21.180832617517474,2.2433052218816054,9.971272990985247,1.9589581609915234,5.214488058456245,2.479343406118823,2.485887167129353,0.6910166712039726,1.0083005492621102,14,0.6299174935132417,0.09161539702269958,5,0.7724943134097902,0.293802430846294,6,0.6026483729894918,0.6004428547471116,14
25,2,5,5,3,2400,420,517,0.2611111111111111,18.73292295677452,1.661043502448374,10.028829893312777,0.8732214877150898,4.569319887600664,2.26270772353708,2.4905930640709664,0.6479263926883657,0.8310739809582449,10,0.5580140215942122,0.0810525425768114,4,0.7043867471281829,0.19994838756911146,5,0.49112725809585817,0.18890682099874523,8
25,3,5,5,3,2400,420,484,0.24444444444444444,18.781304861610995,1.3885985898921565,9.804776435877795,1.0875836918351756,4.650873828195543,2.2911630173049677,2.5301174521214342,0.6179993167224604,0.7846686996008966,14,0.5152402173246066,0.041139964540586146,3,0.653468402539605,0.14169562622019832,4,0.4756165461218763,0.24892493126002455,10
25,4,5,5,3,2400,420,521,0.2631313131313131,20.540707179937492,2.176347588518769,10.044328150592127,1.6783141155656298,4.942271539249229,2.5079510133693206,2.476510703804961,0.6592432691136287,1.170353004659479,18,0.5917395241062416,0.13048806469682434,6,0.7269685009136632,0.31654065838080364,7,0.5455584996875,0.46123253357736815,10
26,0,5,5,4,2400,420,484,0.24444444444444444,19.202418240731628,1.6765160680072948,10.114472603198568,1.4210286133637147,5.0010449923300495,2.0432793151983626,2.5055098803683324,0.6199521602775376,0.6800107587534354,14,0.5271279470497318,0.06322782327232213,4,0.664801862287227,0.17733402460956785,5,0.500004744771267,0.3467785011717448,12
26,1,5,5,4,2400,420,461,0.23282828282828283,17.478291544201547,0.9700734700203125,10.121719941109678,0.7513011163149999,5.009825531253904,1.744958755759161,2.510215967684375,0.5837104267037903,0.455780804644703,10,0.4772382101767277,0.011829810497467827,3,0.6129309173233971,0.08198989923418692,4,0.4614482543290599,0.1077607064121104,8
26,2,5,5,4,2400,420,523,0.2641414141414141,19.457257860035075,1.8769573597975173,10.023915301430067,1.7198010223984583,5.077898484872252,2.1270393909767535,2.4994368187215086,0.6578459387317815,0.7786137676818504,10,0.5583255422969333,0.06222746016446094,3,0.6915494901653491,0.22088115885614465,4,0.5352470993169252,0.4815385007134517,12
26,3,5,5,4,2400,420,455,0.2297979797979798,17.626382298765044,0.9112882808136245,9.877177750496129,0.7582439435103502,5.122351860359425,1.8471201918799185,2.510772429061898,0.5771079845186596,0.5663030401103671,14,0.47035796240815925,0.015037298264840241,2,0.6073246970615869,0.07449505671271706,3,0.4627237022007928,0.10397988499621855,6
26,4,5,5,4,2400,420,463,0.23383838383838385,18.3092654500952,1.1647657935628244,10.270794272544013,0.7951241070147687,4.904230240342911,1.4511819549607927,2.498643980734816,0.5821320739648125,0.3885265993595919,10,0.5247983922131019,0.02164572338639825,3,0.6750637962545049,0.0956479034752906,4,0.4769290795282926,0.13316012858576012,8
