entities_processed,system_time_avg,average_wip,max_wip,final_wip,system_time_avg_detailed,system_time_std,system_time_min,system_time_max,Cir_Media_025_queue_time,Cir_Media_025_service_time,Cir_Media_025_system_time,Cir_Grande_015R_queue_time,Cir_Grande_015R_service_time,Cir_Grande_015R_system_time,Limpa_Sala_CC_queue_time,Limpa_Sala_CC_service_time,Limpa_Sala_CC_system_time,Cir_Media_015_queue_time,Cir_Media_015_service_time,Cir_Media_015_system_time,Cir_Grande_060_queue_time,Cir_Grande_060_service_time,Cir_Grande_060_system_time,Adm_Paciente_queue_time,Adm_Paciente_service_time,Adm_Paciente_system_time,Cir_Pequena_025_queue_time,Cir_Pequena_025_service_time,Cir_Pequena_025_system_time,Org_Sala_Kits_queue_time,Org_Sala_Kits_service_time,Org_Sala_Kits_system_time,Remov_Residuos_queue_time,Remov_Residuos_service_time,Remov_Residuos_system_time,Transp_CTI_CC_queue_time,Transp_CTI_CC_service_time,Transp_CTI_CC_system_time,Ato_Anest_queue_time,Ato_Anest_service_time,Ato_Anest_system_time,Cir_Pequena_015R_queue_time,Cir_Pequena_015R_service_time,Cir_Pequena_015R_system_time,Check_Cir_Seg_queue_time,Check_Cir_Seg_service_time,Check_Cir_Seg_system_time,Transp_Ori_CC_queue_time,Transp_Ori_CC_service_time,Transp_Ori_CC_system_time,Cir_Grande_015_queue_time,Cir_Grande_015_service_time,Cir_Grande_015_system_time,Cir_Pequena_060_queue_time,Cir_Pequena_060_service_time,Cir_Pequena_060_system_time,Cir_Media_060_queue_time,Cir_Media_060_service_time,Cir_Media_060_system_time,Sep_MatSujo_queue_time,Sep_MatSujo_service_time,Sep_MatSujo_system_time,Cir_Pequena_015_queue_time,Cir_Pequena_015_service_time,Cir_Pequena_015_system_time,Aviso_Cir_queue_time,Aviso_Cir_service_time,Aviso_Cir_system_time,Cir_Grande_025_queue_time,Cir_Grande_025_service_time,Cir_Grande_025_system_time,Monta_Kits_queue_time,Monta_Kits_service_time,Monta_Kits_system_time,Conf_Registros_queue_time,Conf_Registros_service_time,Conf_Registros_system_time,Cir_Media_015R_queue_time,Cir_Media_015R_service_time,Cir_Media_015R_system_time,Adm_Conf_Pac_queue_time,Adm_Conf_Pac_service_time,Adm_Conf_Pac_system_time,Enfermeiro_utilization,Enfermeiro_avg_queue,Enfermeiro_avg_in_service,Enfermeiro_max_queue,Farmacia_utilization,Farmacia_avg_queue,Farmacia_avg_in_service,Farmacia_max_queue,Tec_Enfermagem_utilization,Tec_Enfermagem_avg_queue,Tec_Enfermagem_avg_in_service,Tec_Enfermagem_max_queue,Eq_Assistencial_CTI_utilization,Eq_Assistencial_CTI_avg_queue,Eq_Assistencial_CTI_avg_in_service,Eq_Assistencial_CTI_max_queue,Eq_Medica_utilization,Eq_Medica_avg_queue,Eq_Medica_avg_in_service,Eq_Medica_max_queue,Anestesista_utilization,Anestesista_avg_queue,Anestesista_avg_in_service,Anestesista_max_queue,Tec_Radiologia_utilization,Tec_Radiologia_avg_queue,Tec_Radiologia_avg_in_service,Tec_Radiologia_max_queue,Eq_Radiologia_utilization,Eq_Radiologia_avg_queue,Eq_Radiologia_avg_in_service,Eq_Radiologia_max_queue,Func_CME_utilization,Func_CME_avg_queue,Func_CME_avg_in_service,Func_CME_max_queue,Eq_Higienizacao_utilization,Eq_Higienizacao_avg_queue,Eq_Higienizacao_avg_in_service,Eq_Higienizacao_max_queue,Origem_Paciente_Pac_CTI_percentage,Origem_Paciente_Pac_Outros_percentage,Porte_Cir_Cir Pequeno_percentage,Porte_Cir_Cir Medio_percentage,Porte_Cir_Cir Grande_percentage,Faz_Rad_Cir_P_Cir_P_Sem_Radio_percentage,Faz_Rad_Cir_P_Cir_P_Com_Radio_percentage,Faz_Rad_Cir_M_Cir_M_Sem_Radio_percentage,Faz_Rad_Cir_M_Cir_M_Com_Radio_percentage,Faz_Rad_Cir_G_Cir_G_Sem_Radio_percentage,Faz_Rad_Cir_G_Cir_G_Com_Radio_percentage,total_revenue,total_costs,net_profit,avg_revenue_per_entity,avg_cost_per_entity,avg_profit_per_entity,Aviso_total_cost,Monta_total_cost,Org_total_cost,Transp_total_cost,Adm_total_cost,Check_total_cost,Ato_total_cost,Cir_total_cost,Remov_total_cost,Sep_total_cost,Limpa_total_cost
448,260.02328476411714,2.9153766853163607,12,5,260.02328476411714,92.6707370404086,111.94433801006744,653.0188677627448,2.1662439994732345,25.904570685430688,28.070814684903922,7.253139990847199,13.872196424366615,21.125336415213816,3.9090603362637233,12.071155252440715,15.980215588704437,3.8577771478914777,15.892100834823804,19.74987798271528,2.810942214686494,62.30131022893274,65.11225244361924,0.9761340826482398,1.70095490838398,2.6770889910322198,1.9921993518702934,14.47849450639569,16.47069385826598,1.1486931935560218,10.457202485943235,11.605895679499255,1.6223384155953369,2.09516797696131,3.7175063925566474,3.5858074761261003,37.53031075837079,41.11611823449689,0.38776057704823635,27.372001087104522,27.75976166415276,8.480699309697048,7.0853788328487335,15.56607814254578,2.6898082990268386,1.7002485873672437,4.390056886394082,1.1883683134256247,14.646799319150878,15.835167632576502,2.55657682719193,14.655176837859875,17.211753665051805,2.5231423244798834,36.79588846483011,39.31903078930999,3.3694154430880623,71.24436411930829,74.61377956239635,6.032562414107393,2.289146260159064,8.321708674266457,2.8456705779047713,9.269853818787233,12.115524396692004,3.6966939142114876,5,8.696693914211489,1.6990825895081074,22.71362495871758,24.41270754822569,4.233685965674591,5,9.233685965674592,5.074912149633848,10.828608542429631,15.90352069206348,6.916481374736891,13.859153292648934,20.775634667385827,1.3250779649704612,1.6972026464909415,3.0222806114614027,0.28968274117979453,0.16922547969532764,0.28968274117979453,3,0.3444877006396993,0.08849521417737653,0.6889754012793986,2,0.708058053446318,0.2659533810270458,2.832232213785272,7,0.05514112201356821,0.9306063288664189,0.05514112201356821,2,0.6208360583979827,0.13956457037405645,1.8625081751939483,4,0.4406989672150049,0.07002865296765752,2.2034948360750244,4,0.3122047284800607,0.0976821179752226,0.6244094569601214,3,0.2925235256924323,0.1140379480280551,0.5850470513848646,2,0.07738651346484045,0.19931171930804886,0.07738651346484045,3,0.36469690190067555,0.14690448994960004,0.7293938038013511,3,12.984496124031008,87.01550387596899,29.377431906614788,30.739299610894943,39.88326848249027,61.58940397350994,38.41059602649007,61.78343949044586,38.21656050955414,56.15763546798029,43.84236453201971,849846.2847062125,2704388.7350434894,-1854542.4503372768,1896.978314076367,6036.5819978649315,-4139.603683788564,72851.23594241381,72590.42956460611,148063.1410578926,209.59958048115152,218719.08129864422,72971.89758876932,381200.47216899553,1368046.7513385557,72688.69725703482,72859.58777982685,224187.84146626943
450,273.97634619088984,3.0696363904307025,16,4,273.9763461908898,129.44961072930963,100.52427794238974,860.5943871941417,1.7601430276456613,23.60691285274589,25.36705588039155,4.421972363295059,15.112541320403281,19.53451368369834,3.8819734273709763,12.127811547357775,16.009784974728753,2.4893146528509678,16.90637501093788,19.395689663788847,2.0675687497619126,58.56210002085101,60.62966877061293,0.9346423754013348,1.6983965329057416,2.633038908307076,1.9920857331182062,18.557641475317876,20.54972720843608,1.5366019575453902,10.501145474644446,12.037747432189835,1.5415003324597334,2.227094244078782,3.768594576538516,3.014512670813159,39.1304018719829,42.14491454279605,0.23174972528504845,26.672145908330567,26.903895633615615,6.764390359335668,6.953396464329724,13.717786823665392,2.223559183212094,1.703339773189396,3.9268989564014896,1.5646610839782886,14.725797337471008,16.290458421449294,3.4559933246791843,13.216177985055305,16.67217130973449,2.8024497112331983,46.362148334869104,49.1645980461023,2.133884598386511,62.28642164824986,64.42030624663637,5.660524521583184,2.2852078180960076,7.945732339679192,2.8112450656148504,7.759766538127211,10.571011603742061,2.9081227227039745,5,7.9081227227039745,2.136431364729236,25.438969029826808,27.575400394556045,2.721744813464831,5,7.721744813464832,5.122492204829844,10.482524203394176,15.60501640822402,6.463446976203386,12.789492718941748,19.252939695145134,1.5478475423163318,1.6992528055388334,3.247100347855165,0.2764791340969575,0.1832088742514413,0.2764791340969575,3,0.3348295590296162,0.0974367212645216,0.6696591180592324,2,0.7178108443123112,0.27619750627993916,2.871243377249245,6,0.05234654923634202,0.9495480311684026,0.05234654923634202,2,0.6253730986920674,0.10890612387179409,1.876119296076202,6,0.4055162519697223,0.04367123406779019,2.0275812598486116,3,0.32582301087655274,0.09948656487848688,0.6516460217531055,4,0.2577911288169957,0.09561572925598234,0.5155822576339913,2,0.07492425614415271,0.23915336461164602,0.07492425614415271,2,0.3584241404260441,0.08892188242628504,0.7168482808520882,3,11.155378486055776,88.84462151394422,27.54491017964072,28.343313373253494,44.11177644710579,64.4927536231884,35.507246376811594,61.702127659574465,38.297872340425535,57.9185520361991,42.081447963800905,857243.4952717698,2718116.9726208784,-1860873.4773491086,1904.9855450483774,6040.259939157508,-4135.27439410913,73111.99106401605,73238.33735239993,148036.36542123242,235.30149143721223,219317.65371108588,73172.96136516269,381561.31401253166,1378757.1254376583,72921.49074329666,73095.38409226412,224669.04792979357
419,238.0393380486069,2.4809075115469352,13,4,238.0393380486069,88.81401388508179,89.4547830254669,623.6642299132127,1.5823991788102527,27.15099005423254,28.733389233042793,3.0327702665175837,12.810304194194218,15.8430744607118,4.067812462947803,12.037041509385757,16.10485397233356,2.5088563971777753,16.82818487010779,19.337041267285567,2.3669208033039926,54.40952830850723,56.776449111811225,0.45867423503874993,1.6978178426344925,2.1564920776732426,1.0675403239389394,16.23511802861761,17.302658352556552,0.7710199374541757,10.456350933825117,11.227370871279293,1.2276800724516208,2.295728602529038,3.523408674980659,1.1722579899929972,39.360721040647036,40.532979030640035,0.4159201179279464,27.023822786220876,27.439742904148822,5.53646428779156,8.77066232981471,14.30712661760627,1.7791613206536807,1.697020564236292,3.476181884889973,0.8204350151173034,14.662020083223295,15.482455098340598,3.016935385163859,12.717136836439227,15.734072221603087,2.1704273650153105,36.5783743073039,38.74880167231922,1.6154755937704544,56.06446684913908,57.679942442909535,6.086312505410149,2.0670578509299893,8.153370356340139,1.6973198722584648,8.063948819864537,9.761268692123002,3.0807126134371594,5,8.080712613437159,1.4886284117761543,23.82857401922537,25.317202431001526,3.616966336036778,5,8.616966336036779,4.667486055217397,10.299115304679551,14.966601359896949,8.084677027842272,15.181865847255928,23.2665428750982,0.8188694467034022,1.697924155832064,2.5167936025354662,0.29780760227911957,0.19444520456492348,0.29780760227911957,2,0.3545131875416397,0.08961736987042337,0.7090263750832794,3,0.6930488186025481,0.1766676470199437,2.7721952744101923,6,0.04523769981098206,0.9376440531259793,0.04523769981098206,1,0.5829127201541743,0.10809259053262879,1.7487381604625227,5,0.40708236011932974,0.04549015035186457,2.035411800596649,5,0.3350836712069816,0.10466522425402087,0.6701673424139633,4,0.2141524768409305,0.07420068120185734,0.428304953681861,1,0.0681340024079136,0.2301284771926094,0.0681340024079136,3,0.3430876615197814,0.1705232196793461,0.6861753230395627,4,11.252653927813164,88.74734607218684,27.388535031847134,25.265392781316347,47.346072186836516,65.11627906976744,34.883720930232556,58.47457627118644,41.52542372881356,52.46636771300448,47.53363228699551,792158.7131777301,2522969.472236258,-1730810.7590585279,1890.5935875363487,6021.406854979136,-4130.813267442787,68192.15457456725,68020.18195685603,138097.33381339605,215.93777409242227,205000.37551493372,68176.4093071784,356290.3799444789,1273165.9597169503,68200.07464035973,68094.51280962264,209516.15218382239
457,261.3302290122374,2.9484832451612815,14,2,261.3302290122374,113.41507400104913,93.27252220777154,761.6749296397938,2.672963296430978,24.389281139384615,27.062244435815593,4.637573680340021,13.694340539799695,18.331914220139716,5.380502871560701,12.160337286610869,17.54084015817157,3.6396047619094785,17.127818027861274,20.76742278977075,1.793493832446435,58.52811752962057,60.32161136206701,0.7937975472722582,1.700353970784946,2.4941515180572043,2.530402421508569,17.94519680884895,20.47559923035752,1.208156333854372,10.518263469290671,11.726419803145044,1.3382422653486756,2.2578450515135295,3.596087316862205,2.39346091605924,38.09574032448038,40.48920124053962,0.34627982582501626,26.533976623348437,26.88025644917345,5.636520726470492,9.306016288040484,14.942537014510975,1.9911836819527302,1.699009642477261,3.690193324429991,1.0304375570112825,14.631683993908771,15.662121550920052,2.7413700720089973,14.525028091111263,17.26639816312026,2.147292809186297,32.862804246982485,35.01009705616878,2.55845610088396,57.00980513599677,59.56826123688073,5.23195751411769,2.1877435915482146,7.419701105665904,1.6263855427031457,8.929626400816435,10.55601194351958,2.624630227391757,5,7.624630227391757,1.193081399272331,24.434270339439923,25.627351738712253,3.3731891946267982,5,8.373189194626798,4.667257484213092,10.716528607041418,15.38378609125451,6.314014227804781,14.652177786144716,20.966192013949495,0.9990735978542653,1.697515188774017,2.6965887866282823,0.3008028019781507,0.17480109522880818,0.3008028019781507,3,0.3373298097181871,0.11009474382863678,0.6746596194363742,3,0.6971001197373455,0.21693581849880397,2.788400478949382,6,0.06292716308791087,0.9270196939601755,0.06292716308791087,2,0.6131605235347434,0.11573931966518511,1.83948157060423,6,0.43872769392357797,0.048582071735982724,2.19363846961789,4,0.3423721956374324,0.08821695543191727,0.6847443912748647,3,0.3043175170821089,0.11901275831389067,0.6086350341642178,1,0.07156090312606403,0.15619566356287531,0.07156090312606403,3,0.35551786811314207,0.14399095626387626,0.7110357362262841,4,14.003944773175542,85.99605522682445,27.218934911242602,27.416173570019726,45.36489151873767,53.62318840579711,46.3768115942029,59.71223021582733,40.28776978417266,63.75545851528385,36.24454148471616,868861.6033626465,2758539.132767737,-1889677.5294050905,1901.228891384347,6036.19066251146,-4134.961771127113,74387.17216955568,74052.18939186775,151440.6848281489,217.37571284382614,222917.29377745607,74406.2167252239,389669.1704640407,1394122.7525346454,74194.27076807823,74099.91945937787,229032.08693649882
468,264.57379334478685,3.1078449121729492,15,7,264.57379334478685,99.9775650390342,102.3497906529883,634.9459442269945,1.3259001302068443,25.65360146564453,26.979501595851374,4.725816496445503,13.032362179411187,17.75817867585669,5.175205148189205,12.10295678866446,17.278161936853667,1.1416338026830948,16.48151886730547,17.623152669988567,2.0196863162533436,59.9299406072998,61.94962692355314,0.7475847191444001,1.6961753486980673,2.4437600678424674,1.5646934908015473,13.098919700042956,14.663613190844503,0.7770206155453835,10.45516577132894,11.232186386874323,1.418847898122232,2.153888299235759,3.572736197357991,3.0374372689735867,38.85649537937876,41.89393264835235,0.37948952901504324,25.812959472040262,26.192449001055305,4.989763808945084,12.219506231829829,17.209270040774914,2.165404281215444,1.6945001881048571,3.859904469320301,1.3150953025236805,14.833602816199278,16.148698118722958,2.009658733102533,14.30270704544582,16.312365778548354,1.6880340438128345,37.32817505219073,39.016209096003564,3.3890603567937747,63.57506763697399,66.96412799376776,5.521425561317876,2.2394066351630912,7.760832196480967,2.9539812473780644,8.323902795254028,11.277884042632092,2.8968380714578923,5,7.896838071457893,1.5150143894534223,22.690136182563137,24.20515057201656,4.491680799043139,5,9.49168079904314,5.024073063795619,10.733915220074755,15.757988283870374,6.221240816518523,14.89269358245027,21.113934398968794,1.1651810514251617,1.6953389118109483,2.86051996323611,0.29660586575199877,0.15694458026288058,0.29660586575199877,2,0.3238380562989287,0.12351319577661138,0.6476761125978574,3,0.714964148461048,0.26524990357935985,2.859856593844192,7,0.06494901082582415,0.9131243123484573,0.06494901082582415,2,0.6402484943891823,0.10697058622161303,1.920745483167547,5,0.40919418051846934,0.03974738668783458,2.0459709025923467,4,0.33924390483409705,0.1309229964496552,0.6784878096681941,3,0.28372743395945443,0.10204884455035944,0.5674548679189089,3,0.07498702507526467,0.159559422468746,0.07498702507526467,2,0.3747160195835004,0.15144838883794284,0.7494320391670009,3,13.825757575757574,86.17424242424242,27.893738140417458,29.03225806451613,43.07400379506641,53.06122448979592,46.93877551020408,52.28758169934641,47.712418300653596,59.03083700440529,40.969162995594715,887202.4385748571,2812955.7379524535,-1925753.2993775965,1895.7317063565322,6010.589183659089,-4114.857477302557,76063.04186028331,75817.9859657762,154851.75842002683,237.1155875394498,228009.66254033905,75818.44531197833,395336.5006695367,1421797.5724887075,75959.68295559865,76292.62726300336,232771.34488966412
458,240.08268647792934,2.7191951951457445,10,5,240.08268647792934,82.84162835894867,96.29601177312725,668.2571106770247,1.73870598857699,24.372707047392037,26.11141303596903,4.080409737211929,12.9020792121571,16.982488949369028,3.1264507440863993,12.102502921100355,15.228953665186754,2.0211492726823317,15.820598855049745,17.841748127732078,1.7449995304140513,56.233742615320594,57.97874214573464,0.7059418656823954,1.6942395073066372,2.4001813729890324,1.1408060744341535,15.406775143910597,16.54758121834475,1.0407038031624505,10.512089277803879,11.55279308096633,1.1206220118714552,2.2793657234581763,3.3999877353296313,2.381176244312868,39.15286428542088,41.53404052973375,0.16994206031872697,26.900241883531425,27.07018394385015,2.8309049827121457,8.079238837964036,10.910143820676181,1.6868266143497017,1.6930394427729505,3.379866057122652,1.3403895916107207,14.677409145770943,16.017798737381664,1.9178463526358829,16.81949200634038,18.737338358976263,1.7529753323762147,40.39294848579261,42.145923818168825,2.4115771174127594,61.1496209237897,63.56119804120246,5.506885080361823,2.3041296823871673,7.811014762748989,2.3604059253778615,8.02285470926795,10.383260634645811,2.0182089849558706,5,7.018208984955871,1.4504637657253616,25.881781808232486,27.33224557395785,3.2697893594496,5,8.2697893594496,4.451952324173054,10.482572039886518,14.934524364059573,6.571570556948027,15.197029716851935,21.76860027379996,1.0119401596397921,1.693749790138991,2.705689949778783,0.24458879908374356,0.1323669173480922,0.24458879908374356,2,0.3369288933264322,0.07651310928046694,0.6738577866528644,2,0.7001733350361085,0.2086137955992616,2.800693340144434,6,0.06476398352771061,0.902287412646095,0.06476398352771061,2,0.6157461871645877,0.07893264855641915,1.8472385614937632,4,0.4042558698411284,0.0317558530068189,2.021279349205642,4,0.29971782231176175,0.07675658057301195,0.5994356446235235,3,0.3003684201140236,0.09838802680217502,0.6007368402280472,2,0.0740293096576545,0.19187053034453855,0.0740293096576545,3,0.31575194856507693,0.10505410390654833,0.6315038971301539,4,13.533834586466165,86.46616541353383,25.6120527306968,29.37853107344633,45.00941619585687,57.35294117647059,42.64705882352941,60.0,40.0,60.66945606694561,39.33054393305439,874662.648615949,2765549.8172431197,-1890887.1686271708,1909.7437742706309,6038.318378260086,-4128.574603989456,74286.1062936138,74397.77994803125,150404.19060150417,226.68795864133796,222875.5313279704,74585.47621660755,388886.3777775713,1401558.4277490147,74811.5395007583,74363.33659369356,229154.3632757132
419,255.94902098615074,2.6843576355644454,15,6,255.94902098615074,115.17529399632326,77.71098500451262,699.1758501099539,1.8813348774212624,26.083610444435656,27.96494532185692,5.603148949923901,12.917021807947007,18.520170757870908,4.4094051692672105,12.072845871717785,16.482251040985,3.147269895078125,15.648040505064376,18.7953104001425,2.346246847922585,54.86269907556722,57.20894592348981,0.5588202146095802,1.6978954451811914,2.2567156597907716,1.731963224774865,15.193015531219563,16.924978755994427,0.7943345831277395,10.501139605737881,11.295474188865622,1.0601680687178205,2.1088074082550046,3.168975476972825,2.8491746258828643,37.41813935395516,40.26731397983802,0.4064858711896481,28.031149633073507,28.437635504263156,7.998186388801738,10.127170663035027,18.125357051836765,1.827808289529896,1.6914436535846142,3.51925194311451,1.0003185147875504,14.666869185501188,15.66718770028874,2.1168686811699042,12.77320589119277,14.890074572362675,2.194774471042328,35.54384990574384,37.73862437678617,2.606070085561597,66.90041054221113,69.50648062777273,5.709693136529977,2.0735085353476745,7.783201671877651,1.5812684272287374,8.170598421343621,9.751866848572359,2.7099425302881572,5,7.709942530288157,1.5257472981234848,24.533795976793368,26.059543274916855,2.0630275601807084,5,7.063027560180709,4.3046313292046685,9.974833550397758,14.279464879602425,5.297315142607928,14.223677400700709,19.520992543308637,0.8847811943397532,1.6997193914541087,2.5845005857938617,0.2927774895417836,0.17279222683070092,0.2927774895417836,2,0.32726169021228046,0.0889823362998324,0.6545233804245609,3,0.6647623036882253,0.19949523048602846,2.6590492147529012,5,0.055362516353386154,0.9348650610421992,0.055362516353386154,2,0.6116224268737952,0.10307973152555006,1.8348672806213855,4,0.4166023073729087,0.0552816334638446,2.0830115368645434,5,0.3131336003192219,0.14016436891462244,0.6262672006384438,3,0.24129447680900834,0.060075875003563324,0.4825889536180167,2,0.0683791635535644,0.16576538014472345,0.0683791635535644,3,0.34452021363276353,0.15093197254553878,0.6890404272655271,4,13.606911447084233,86.39308855291577,29.004329004329005,29.22077922077922,41.77489177489178,50.74626865671642,49.25373134328358,68.88888888888889,31.11111111111111,62.69430051813472,37.30569948186528,792594.8665428589,2529256.2697128933,-1736661.4031700343,1891.6345263552719,6036.411144899506,-4144.776618544234,68082.03521334115,68136.70590692159,138619.99930116523,218.017599329728,204158.23456118527,68056.55213394033,355717.76272433193,1280920.5002927042,68077.33192040154,67919.3320286417,209349.79803093077
445,266.99516937705084,2.9602485753257453,14,3,266.99516937705084,118.08765693417574,96.07283533194641,827.4987971171431,1.4124321232042876,27.247065663305033,28.659497786509323,4.894933510878944,13.389140669992512,18.284074180871457,3.0354109762430617,12.112698518237332,15.148109494480392,4.766010660087778,15.470549555074367,20.236560215162143,2.157137630346847,60.46155135100028,62.61868898134713,0.7772016403155545,1.6969405979036136,2.474142238219168,1.4429390140141247,16.979869164658226,18.422808178672348,1.235019907083149,10.479699498028255,11.714719405111403,1.5400300564623393,2.2400356661002765,3.7800657225626155,3.1130272344290515,37.87023438012551,40.983261614554564,0.39684732289029095,28.607996225153563,29.004843548043855,4.204289244553498,8.251553613153352,12.45584285770685,2.244545304697424,1.696240888599999,3.9407861932974235,1.4511152759418768,14.561656314440276,16.01277159038215,3.9269564159633226,12.71490068499755,16.641857100960873,1.897974580979695,42.76093237791894,44.65890695889863,3.358518223062438,65.62960202011675,68.98812024317918,5.462584608485566,2.3423635408043735,7.804948149289939,3.84540508272017,10.693109454065217,14.538514536785387,2.9714683432350264,5,7.971468343235026,2.2454294020152474,26.545384344625745,28.790813746640993,3.3352919127268374,5,8.335291912726838,5.005109273590291,9.719103070484486,14.724212344074775,7.020256119726911,14.44139588537588,21.46165200510279,1.153918703061989,1.693410953045193,2.847329656107182,0.2745558604483209,0.14269186754335833,0.2745558604483209,2,0.3356810825200252,0.06559311785757366,0.6713621650400504,3,0.7074877627435154,0.2733357961348394,2.8299510509740617,7,0.06577429664425921,0.841507026417289,0.06577429664425921,2,0.6159228952247188,0.1404546045241187,1.8477686856741564,5,0.4189003512343663,0.06034686696932854,2.0945017561718315,4,0.2751003661619778,0.08413052968948241,0.5502007323239556,4,0.2971711273401992,0.11429845570452465,0.5943422546803984,2,0.06815367939077813,0.19392163718310967,0.06815367939077813,2,0.3117438703609665,0.11676408465728692,0.623487740721933,3,15.109343936381709,84.89065606361828,24.900398406374503,29.282868525896415,45.81673306772908,59.199999999999996,40.8,61.904761904761905,38.095238095238095,61.30434782608696,38.69565217391304,847301.9046574581,2689728.123233081,-1842426.218575623,1904.049223949344,6044.332861197934,-4140.283637248591,72281.60952138266,72390.00915267043,146338.9699211826,223.22464948999587,216745.8929218381,72233.32666430341,377505.54764675046,1364600.461456311,72418.79097780293,72454.47837612378,222535.81194522575
463,258.1087053844372,2.961802652379182,13,2,258.1087053844372,102.96054805526984,110.96811834878463,677.2547932914349,2.0854377887138713,26.23059617972396,28.316033968437832,5.441354924105381,15.699345214205353,21.140700138310734,3.4468417867682257,12.159257843086776,15.606099629855002,4.63469666644203,14.17118080095281,18.80587746739484,2.4882861999254757,60.95547030836866,63.443756508294136,0.7277598650580624,1.7055322889380224,2.433292153996085,3.0578773651552655,14.317958385792354,17.37583575094762,1.2098326873257355,10.535270012210434,11.745102699536169,1.7083574349760584,2.2156525310358166,3.9240099660118752,2.9988817531209753,39.38775532858398,42.38663708170495,0.5377016514341221,26.371252519575624,26.908954171009746,5.566076479409026,10.178926309456562,15.745002788865587,2.7833942289712263,1.6972686859083088,4.4806629148795345,1.012571261894904,14.710054775354427,15.722626037249332,4.201540434836236,16.823683965942433,21.02522440077867,2.6144145628447535,35.285558355912904,37.899972918757655,4.331218509415164,62.11619245810824,66.4474109675234,5.923012128755122,2.0161552933517695,7.939167422106892,2.657445858841918,8.225046507592952,10.88249236643487,2.202222433371242,5,7.202222433371242,2.1520752027823686,25.111204837625763,27.263280040408134,3.1332922082014916,5,8.13329220820149,5.7363604117929405,10.377660414143055,16.114020825935995,7.892450828669325,16.29898926385473,24.191440092524054,1.3510731541488794,1.7024658943377868,3.053539048486666,0.2525050708250551,0.12457416866592481,0.2525050708250551,2,0.3668522600558606,0.06312157906420068,0.7337045201117212,3,0.7338078403961636,0.28627783970631365,2.9352313615846546,6,0.06764414633160669,0.9164829226654051,0.06764414633160669,2,0.6431050081246853,0.16405686051568585,1.929315024374056,5,0.4369419073415905,0.07719147832834167,2.1847095367079525,4,0.30122368474762107,0.10852854174853341,0.6024473694952421,3,0.28805622691067934,0.1111469546258943,0.5761124538213587,2,0.0714836878505937,0.16687342678712924,0.0714836878505937,2,0.36160718804117686,0.16090959973711016,0.7232143760823537,3,13.346228239845262,86.65377176015474,26.11218568665377,28.820116054158607,45.06769825918762,60.0,40.0,63.758389261744966,36.241610738255034,53.879310344827594,46.12068965517241,880299.9754857016,2787265.9766165577,-1906966.001130856,1901.2958433816448,6020.012908459088,-4118.717065077443,75264.55754270223,75482.17320717454,152543.89392500842,234.18173053116092,226088.007017425,75268.39232973749,392287.6926645099,1408127.1958169267,75222.1908788647,75100.1708879291,231647.5206157483
472,271.6665328947025,3.183226892181366,16,1,271.6665328947025,124.48546959484244,102.09760348719283,896.1629568500684,2.2711926807989227,28.34684816832502,30.618040849123943,4.695585157230383,16.422482230239375,21.118067387469754,3.932907320704207,12.131158668412608,16.064065989116813,2.8569673977835692,13.818807431476008,16.675774829259577,1.4300615334049196,53.604564982595484,55.03462651600041,0.7897782279782043,1.693696193191851,2.483474421170055,2.0758558925487063,14.875800067654085,16.95165596020279,1.1399395344983223,10.511460092618716,11.651399627117039,1.6221534019055899,2.1400147093757496,3.762168111281339,1.8456254882587717,38.7813258918682,40.62695138012697,0.2822311946197337,26.15972876565002,26.441959960269752,5.271122843716977,8.797722438850403,14.06884528256738,2.0193675986208612,1.697218327249775,3.716585925870636,1.3592445823876655,14.626131074122506,15.985375656510172,2.1556700766681325,13.153338683034058,15.309008759702191,2.00616053831306,36.333086727832466,38.33924726614552,3.6656915622577495,59.8762760687831,63.54196763104085,6.173807466605246,2.1095997210148516,8.283407187620098,2.389785996946121,8.542322384274799,10.93210838122092,2.7138167028746296,5,7.71381670287463,1.066349010226222,22.397620886084816,23.46396989631104,2.7398199782488764,5,7.739819978248876,5.507719126104146,10.756558851874175,16.26427797797832,7.637824981149622,15.20562448654768,22.8434494676973,1.3130071295127521,1.6935021583601273,3.0065092878728796,0.2743939159061607,0.17954732785191785,0.2743939159061607,3,0.335212842067059,0.07627458624596212,0.670425684134118,2,0.7186883064800844,0.2664722047744023,2.8747532259203377,6,0.06436698838503006,0.9074548784498729,0.06436698838503006,2,0.6317236093522213,0.11615969043837007,1.8951708280566637,5,0.41386375048630375,0.04027705600219909,2.069318752431519,4,0.31780458526179794,0.11154997594406,0.6356091705235959,4,0.26396707762225313,0.03955178674478052,0.5279341552445063,2,0.08235983721565421,0.15065931811146463,0.08235983721565421,3,0.3783600425502178,0.13712576001796528,0.7567200851004356,3,13.294797687861271,86.70520231213872,24.470134874759154,29.865125240847785,45.664739884393065,61.417322834645674,38.582677165354326,57.41935483870968,42.58064516129032,66.24472573839662,33.755274261603375,892905.3629784615,2856873.9108662694,-1963968.5478878077,1891.7486503780965,6052.698963699723,-4160.950313321627,76803.12372101363,76768.45914220356,155935.83522133983,233.9880796146458,230248.28501048108,76510.18961881023,401145.89846867294,1449518.3174459895,76864.07406643241,76809.06533433353,236036.67475737803
418,243.00288584923453,2.517517471926517,13,3,243.00288584923456,84.11456065801791,91.14627221470619,645.5611718843238,1.4520123595439225,27.3708725134881,28.82288487303202,4.076014207958031,15.587650322397408,19.66366453035544,5.91371919442775,12.130016697810222,18.043735892237972,1.6774248847167585,16.763538764591086,18.440963649307843,1.6953605160676284,54.28478811784135,55.98014863390898,0.6433203207366183,1.6984944710998806,2.341814791836499,1.4986025911018976,17.25906840701429,18.757670998116186,0.8648433409192828,10.470766673653735,11.33561001457302,1.1291329709123292,2.2342320643078115,3.363365035220141,2.0551666448912838,37.760125236582724,39.81529188147401,0.46701418890701346,27.376667066802227,27.843681255709242,4.645732848699727,7.788549879270288,12.434282727970016,1.5519704622763268,1.6998805125294796,3.2518509748058064,0.8228483100912555,14.696087855239368,15.518936165330624,2.315739483940334,15.057671252812842,17.373410736753176,1.2148726921112507,38.50391771991051,39.71879041202176,1.3079935512466838,61.51810221357873,62.82609576482541,5.263083086532594,2.3889317474718554,7.65201483400445,1.94022791969707,8.057941640045977,9.998169559743046,4.0055325273469755,5,9.005532527346976,1.3357266122137113,24.40429577072956,25.740022382943273,1.9012207241510006,5,6.901220724151001,4.212039640542706,10.40054108124787,14.612580721790575,4.194980610009661,14.664575292918661,18.85955590292832,0.9379393125245248,1.696899076782149,2.634838389306674,0.2337522774626044,0.18108006344134167,0.2337522774626044,3,0.27733847380641913,0.03772374802981646,0.5546769476128383,2,0.6808716468833143,0.1754821767939919,2.723486587533257,5,0.05809463824374238,0.9428914512844656,0.05809463824374238,2,0.578704366418509,0.064387436948751,1.736113099255527,4,0.3998339839946817,0.056671300448187384,1.9991699199734083,4,0.31391049620217926,0.08533145378388526,0.6278209924043585,3,0.27022799285067733,0.049654927369518494,0.5404559857013547,2,0.06679820121577994,0.1901728939966163,0.06679820121577994,3,0.3795321078627885,0.14492047652179352,0.759064215725577,4,14.168377823408623,85.83162217659137,30.309278350515463,26.39175257731959,43.29896907216495,60.544217687074834,39.455782312925166,58.59375,41.40625,56.19047619047619,43.80952380952381,790690.5082053056,2519977.211179442,-1729286.7029741362,1891.6040866155636,6028.653615261823,-4137.049528646259,67899.20519423882,68009.75440273971,137883.92933545096,219.60985300987912,203376.83525733472,68009.7740477337,355203.2787534314,1274694.3655584208,68063.33087850294,67930.5072284959,208686.62067008286
446,258.1180691953859,2.850985615360469,13,1,258.1180691953859,104.81155336762103,87.6530935681476,653.6575360382776,1.9330358806663899,24.427448874593143,26.360484755259534,5.810874828814541,14.415841272331775,20.226716101146316,3.944407956528717,12.11589922459324,16.060307181121956,2.704217473841834,15.368042374311614,18.072259848153447,1.8520542515304814,57.93208577170723,59.78414002323771,0.7566233768304358,1.6961010225814988,2.4527243994119345,1.2301419910545743,13.34343329289061,14.573575283945184,0.9939049319576353,10.541841154440569,11.535746086398204,1.2255981356429728,2.274492946616993,3.5000910822599662,4.495174235522021,39.60552061858038,44.10069485410239,0.610665242080285,26.89565813765909,27.506323379739374,5.433744080117902,9.194808019106748,14.62855209922465,2.2777371562366033,1.7013526872595717,3.9790898434961752,0.9974162990315384,14.752987671990802,15.75040397102234,1.8769753017764184,15.895116327262116,17.772091629038535,2.2110340779230624,34.68687492387945,36.89790900180251,1.7761630486653817,62.19568294295876,63.97184599162414,5.887616775696699,2.186399136711604,8.074015912408303,2.4171870676401523,8.543965504373265,10.961152572013418,2.484170612424354,5,7.4841706124243546,1.5169034679489706,26.62964988772812,28.146553355677092,3.564177597040925,5,8.564177597040926,5.263380458235877,10.56449561147392,15.827876069709797,5.294811275301589,17.22175096247951,22.5165622377811,0.9203512824739455,1.7044494838252986,2.624800766299244,0.26043479179681406,0.17554244789439438,0.26043479179681406,3,0.35090918586506153,0.09721064626224947,0.7018183717301231,4,0.7029999856788115,0.21012003093700493,2.811999942715246,7,0.0664733530433818,0.9092110041334541,0.0664733530433818,2,0.6286787623152095,0.12161294479089012,1.8860362869456284,5,0.44626784872557224,0.06656493242817799,2.231339243627861,4,0.3312592266559553,0.11639831339164868,0.6625184533119106,4,0.22672625961507567,0.12566289337275777,0.45345251923015134,2,0.07117526586757185,0.21814541914175703,0.07117526586757185,3,0.39804772418951606,0.11534374441672618,0.7960954483790321,3,14.02805611222445,85.97194388777555,28.256513026052104,29.258517034068138,42.48496993987976,61.702127659574465,38.297872340425535,60.95890410958904,39.04109589041096,60.37735849056604,39.62264150943396,843797.5626720566,2687463.555343565,-1843665.9926715083,1891.9227862602165,6025.703038886917,-4133.7802526267005,72437.43267713528,72666.88801897927,146698.5649713904,229.62052611117795,216891.43490245394,72619.4498110842,375601.1586050012,1363339.814698491,72505.55523433359,72451.87903782564,222021.7568607595
442,267.5832699003084,2.9234173638893832,13,2,267.5832699003084,105.85148161123311,104.26809187945037,654.8520137732121,1.9912186528018632,27.880432789335245,29.87165144213711,3.1762758056496287,12.8407274156994,16.01700322134903,5.05484699462684,12.057879128114092,17.11272612274093,3.2147308663538934,15.735305225712418,18.950036092066313,1.870026566602541,55.404739874213476,57.274766440816016,0.9523279827934718,1.695294373717865,2.6476223565113366,1.8795238125222777,16.21534497384594,18.094868786368217,1.195599538267457,10.431755068309734,11.62735460657719,1.535446381332913,2.2561915719525585,3.7916379532854716,3.0270887506849995,37.757042906775304,40.7841316574603,0.336332991984699,26.869384705178774,27.20571769716347,7.154286237404343,9.67351171286947,16.827797950273812,2.7686034832443953,1.6980117513003765,4.466615234544772,1.4446306555756467,14.709217015509859,16.153847671085504,3.5642478130020296,15.795202610156032,19.359450423158062,1.8040639452626657,38.50027988041273,40.304343825675396,2.5260542332054796,69.01136826200407,71.53742249520955,5.382270163113402,2.2919148078809264,7.674184970994329,2.9714958445161943,10.29156035724716,13.263056201763355,2.5911370537177127,5,7.591137053717713,2.4346252338333856,21.185571207890575,23.620196441723962,2.7652659732217955,5,7.765265973221795,5.477262962655996,10.545977811300896,16.023240773956893,8.330297794056413,16.44415298695076,24.77445078100717,1.2623510731594938,1.7007391439495017,2.9630902171089954,0.26358520200127755,0.15734342054018075,0.26358520200127755,2,0.3224484973935195,0.06917107308174734,0.644896994787039,3,0.7034503215557163,0.23784546457186903,2.813801286222865,7,0.058214502066555054,0.9315725281879879,0.058214502066555054,2,0.6280795641699635,0.14606634230005724,1.8842386925098904,5,0.3919160349286724,0.04826874648960338,1.9595801746433619,4,0.315645004490468,0.12052136456390787,0.631290008980936,4,0.33003300421733883,0.2075596667175187,0.6600660084346777,2,0.07075812575139823,0.15192049620391504,0.07075812575139823,2,0.3744060856946616,0.1224859685786604,0.7488121713893232,2,13.541666666666666,86.45833333333334,30.062630480167012,29.436325678496868,40.50104384133611,66.66666666666666,33.33333333333333,58.86524822695035,41.13475177304964,64.94845360824742,35.051546391752574,834030.581442592,2674198.3267442966,-1840167.7453017046,1886.9470168384435,6050.2224586975035,-4163.27544185906,71808.55171828005,71868.80554321763,146193.97162606387,215.5293468191038,214807.56523795446,71800.66359508302,373039.3085850216,1359951.0130891488,71819.99462802832,71940.10864960475,220752.8147250751
422,235.42525993530694,2.4549370557492027,13,1,235.42525993530694,86.5227306750745,101.60608044823312,682.8692189601788,3.1421068808187047,26.15220379166325,29.294310672481956,3.0229854216736323,11.94367619990421,14.966661621577844,3.5689315890909037,12.105372203422075,15.67430379251298,3.7348800751915268,13.64074921184079,17.375629287032314,1.754198508714624,49.151279092932704,50.90547760164733,0.6264891597451729,1.7063833708358986,2.3328725305810716,1.2850067484857282,13.679912385471146,14.964919133956876,0.8566444499436037,10.47934753933571,11.335991989279313,1.033631997225705,2.1313914629633763,3.165023460189081,2.808286920427564,39.488054764208684,42.296341684636246,0.5057254283632578,27.948531072961778,28.454256501325037,7.235256333724984,9.272031563408406,16.50728789713339,1.9494074698961361,1.6966487954264415,3.6460562653225774,0.8792504100179497,14.644607704073229,15.523858114091178,2.308182428602658,15.486665650172144,17.794848078774802,1.3401461898260212,40.01436059531515,41.354506785141176,1.995986084817654,65.893782104346,67.88976818916366,5.6040809230020825,2.3781448259395694,7.9822257489416515,1.6312727780249818,7.890190271868132,9.521463049893114,2.9923011806707462,5,7.992301180670746,1.180278430837563,23.217755929354226,24.39803436019179,2.178434758113908,5,7.178434758113908,3.6482336562684203,11.022432483540722,14.670666139809143,5.489597169724847,16.216216908054765,21.705814077779614,0.9291927861209968,1.6962981936964077,2.625490979817404,0.2571553305402515,0.21947507900405502,0.2571553305402515,3,0.3025109996887736,0.05364789880222387,0.6050219993775472,2,0.6924555448600319,0.18491261923800487,2.7698221794401277,7,0.06162415689242585,0.9040714552635728,0.06162415689242585,2,0.5743297142850013,0.07882656096288898,1.7229891428550042,4,0.3914541519575847,0.04413753191375967,1.9572707597879235,4,0.32089724817929294,0.11786291583479916,0.6417944963585859,3,0.30875527876639697,0.1269883054070772,0.6175105575327939,2,0.06877088539071599,0.17796050847890577,0.06877088539071599,3,0.3572741921515969,0.14101071523424574,0.7145483843031938,3,14.556962025316455,85.44303797468355,25.52742616033755,28.902953586497894,45.56962025316456,61.98347107438017,38.01652892561984,54.74452554744526,45.25547445255474,60.64814814814815,39.351851851851855,801492.2190818059,2542970.274978305,-1741478.0558964992,1899.2706613312937,6025.995912270865,-4126.725250939571,68405.88723113317,68684.22741215667,138468.96737417133,211.23215401956057,205472.1642078839,68305.24755949246,358110.5139220943,1286622.3244465508,68514.8638934521,68569.06674696121,211605.78003038975
445,251.74235855321103,2.7738109729621225,11,0,251.742358553211,96.10971289812446,92.03808816324818,635.0124688252617,1.547976097955446,26.76206846538662,28.310044563342064,5.463048155483729,14.969936250935335,20.432984406419063,4.473068419932342,12.138981272587156,16.6120496925195,3.221092294212667,15.80210483356937,19.023197127782037,1.5043593620925746,47.36428665429105,48.86864601638362,0.659569837387303,1.7001673809089508,2.359737218296254,1.2356828746168078,14.429047610827467,15.664730485444275,0.9315086189002388,10.496211003490659,11.427719622390898,1.2562927283351721,2.160869851248388,3.41716257958356,1.78170137403683,37.44176138960636,39.2234627636432,0.4748473778405875,27.365949119911825,27.84079649775241,3.9224204237032407,7.192563033811464,11.114983457514706,2.052578836191573,1.6952607774517972,3.7478396136433703,0.8518507926054136,14.791117484624332,15.642968277229745,1.498804375349582,13.458413870848728,14.95721824619831,2.0595747190315015,34.84822713946404,36.907801858495546,3.430509965564587,68.90044200579881,72.33095197136339,5.215136755293442,2.1219940516316083,7.3371308069250505,2.62924724958371,8.963658461836998,11.592905711420707,3.43584930867918,5,8.435849308679181,1.4419505099923835,21.39197631146141,22.833926821453794,3.3560103631751903,5,8.35601036317519,3.8284881464977794,10.903121784615422,14.731609931113201,6.330415560056541,16.535652576098304,22.866068136154844,1.1423500020918225,1.697771834311317,2.8401218364031395,0.26463017841606656,0.2129085303357267,0.26463017841606656,3,0.3210985246836857,0.04403598055562081,0.6421970493673714,3,0.7032041919278346,0.2004158366572886,2.8128167677113383,6,0.0651860105552913,0.8434744473915161,0.0651860105552913,2,0.5899609472062558,0.07628908857356705,1.7698828416187675,4,0.4078200784063296,0.05922308108703855,2.039100392031648,4,0.31067825242170544,0.0996936483531284,0.6213565048434109,3,0.30018901295140227,0.16375438762790095,0.6003780259028045,1,0.07076359537447888,0.16799903009165892,0.07076359537447888,3,0.3659819874892815,0.1632703581687255,0.731963974978563,3,14.60446247464503,85.39553752535497,25.15212981744422,32.25152129817444,42.59634888438134,64.51612903225806,35.483870967741936,64.77987421383648,35.22012578616352,62.857142857142854,37.142857142857146,840332.789401897,2693548.1868967116,-1853215.3974948146,1888.3882907907798,6052.917273925194,-4164.528983134414,72439.84484843892,72325.21077756392,147374.61100536736,222.95691200862066,216702.5796816336,72305.41698669957,377947.4330967295,1367740.9107284786,72271.07134137469,72194.87242502428,222023.27909339275
446,273.81781586760286,3.0163102234207786,12,3,273.81781586760286,119.16203554746735,91.01618087444513,694.7160276913819,1.5540815143902893,27.490859050777456,29.044940565167742,6.421912199991158,14.164642174466701,20.586554374457858,4.73820628659948,12.024342607342156,16.762548893941638,2.6997636303568444,15.631068392467197,18.33083202282404,2.551724749897172,68.57722734118242,71.1289520910796,1.4789378955632928,1.6971904733354972,3.1761283688987905,2.5641765298938837,15.6149403249637,18.179116854857583,1.3312356032211945,10.515474813672618,11.846710416893814,1.5063444077604902,2.182441736740208,3.688786144500698,3.275784725493412,38.487695886261825,41.76348061175524,0.4850282654123651,28.38908778048692,28.874116045899285,8.388001960235549,8.354053644844615,16.742055605080164,2.71319445416548,1.6993489231760848,4.4125433773415645,1.3601467329968886,14.678907773367728,16.039054506364618,2.5630296532466463,16.193005498647924,18.75603515189457,2.114355921226381,37.78595867987383,39.90031460110021,2.4180948324876486,66.32527231352272,68.74336714601037,4.9599875764590475,2.3032526453369253,7.263240221795972,3.5692603485659817,9.672165965619287,13.241426314185269,2.4844899589421776,5,7.484489958942178,3.172335720033368,27.067850201675885,30.24018592170925,3.462513376669033,5,8.462513376669033,5.376784601206303,10.344425489030053,15.721210090236356,4.345147621939032,13.829490548486373,18.174638170425403,1.4891393972070015,1.6955429379270803,3.184682335134082,0.26747247657942,0.16897807798550676,0.26747247657942,2,0.38226491712766203,0.07809112558608292,0.7645298342553241,3,0.7106531417978346,0.2606720847794525,2.8426125671913383,6,0.05321731579831253,0.9483459675564132,0.05321731579831253,2,0.613383656245941,0.13310342992771054,1.840150968737823,5,0.42176358268849146,0.05302269976250714,2.1088179134424574,4,0.33586961325312514,0.081710097038176,0.6717392265062503,3,0.23503091499289064,0.10135695543862315,0.4700618299857813,3,0.06766548051914385,0.1412848363193994,0.06766548051914385,2,0.3767021254588505,0.10200687081671539,0.753404250917701,3,11.812627291242363,88.18737270875764,26.3265306122449,27.755102040816325,45.91836734693878,55.81395348837209,44.18604651162791,56.61764705882353,43.38235294117647,56.00000000000001,44.0,847168.5609151723,2684881.350534128,-1837712.7896189557,1899.4810782851398,6019.913342004771,-4120.432263719632,72560.03096656513,72643.16687619263,147092.60112287314,232.9578333969591,217482.05709406614,72682.1184740488,378636.3526743131,1354751.4586966624,72420.3799286238,72245.35796619044,224134.8689011956
414,237.71798545844084,2.469933089823206,13,7,237.71798545844084,87.0896535425459,88.75530521820474,784.4262708589049,0.9834354558011924,25.62210918564432,26.605544641445512,5.412108184936718,11.368528757147542,16.78063694208426,3.8069362336784587,12.127869454157707,15.934805687836166,2.5830102491488445,16.53822083079359,19.121231079942437,1.7558241149672857,58.52614138563303,60.281965500600315,0.6970499666589656,1.6934195474146796,2.3904695140736454,0.911004105842832,15.409976233369365,16.3209803392122,1.0377117417466792,10.446962786196002,11.484674527942682,0.9226490374733148,2.3579750271214097,3.280624064594724,2.868051882288834,39.196084258214654,42.064136140503486,0.3206005146456613,25.896064804969733,26.216665319615394,5.054481775861177,8.503308987280965,13.557790763142142,2.0012618240114772,1.693229280303012,3.6944911043144892,0.9334399663466068,14.753615256872115,15.68705522321872,2.0629972238665255,15.45727983411703,17.520277057983556,1.5315380963269773,39.459962026989686,40.99150012331666,1.2817257237842212,62.83992485100835,64.12165057479257,5.302166106666466,2.1694782714941163,7.471644378160582,1.651214748530512,6.2639258064468235,7.915140554977335,3.3585552788119,5,8.3585552788119,1.6097032505100013,23.497442669683547,25.10714592019355,3.40938319497746,5,8.40938319497746,4.50906759201418,10.261585180023914,14.770652772038092,3.51681918807937,16.470689117136025,19.987508305215396,0.9410921508718051,1.699653910572141,2.640746061443946,0.32142501444017696,0.169136088654147,0.32142501444017696,2,0.34004201910233917,0.07007094304402785,0.6800840382046783,3,0.6747611523447485,0.16710219736899426,2.699044609378994,6,0.06121152572798561,0.8685829965337891,0.06121152572798561,2,0.5931531065542851,0.08298767936627256,1.7794593196628552,6,0.4060848360995041,0.04372820489819402,2.0304241804975205,4,0.3020561670509128,0.09591933007046083,0.6041123341018256,3,0.2587227396228,0.06604886185164881,0.5174454792456,3,0.06736042852985084,0.17846772477081416,0.06736042852985084,2,0.3806138586889889,0.12312663876218141,0.7612277173779778,3,14.225941422594143,85.77405857740585,25.995807127882596,31.027253668763105,42.9769392033543,63.70967741935484,36.29032258064516,60.13513513513513,39.86486486486486,55.1219512195122,44.87804878048781,782195.4473149,2493885.3201443637,-1711689.8728294638,1889.3609838524155,6023.877584889768,-4134.516601037352,67280.18036064395,67118.93947671473,136544.30232614232,204.81312891901192,201509.55086589727,67293.33939281634,352283.23370894796,1261116.1699744172,67115.17203447495,67040.24116621731,206379.3777091726
484,261.1825122117128,3.1332029663136334,14,2,261.1825122117128,111.00230383003162,88.73166652907094,716.4132923292927,1.2693032366112038,27.6087508276582,28.878054064269403,5.269495545916616,13.600063555542416,18.869559101459032,4.042680778924404,12.11049183298334,16.153172611907745,2.717005306759745,16.231261285819414,18.94826659257916,1.8068482675737008,61.49962326785704,63.30647153543074,0.8667361388125616,1.6993901941108622,2.5661263329234236,1.807567755292498,14.984631220292787,16.792198975585286,1.062983824911876,10.532594641370654,11.59557846628253,1.2383219492659265,2.249488837550748,3.487810786816674,4.679878395900977,38.324166612739205,43.00404500864018,0.421331887087304,26.966640323556184,27.38797221064349,5.081048721486571,8.555312418330317,13.636361139816888,2.7890869385660735,1.6970443255437777,4.486131264109852,1.1272839322428136,14.69617489590227,15.823458828145085,2.5103947965290563,13.329024567946256,15.839419364475312,1.0120818632326778,35.74156853253876,36.75365039577143,1.9863878178833472,66.12076794389206,68.10715576177542,5.325421086663058,2.0858208085618477,7.411241895224905,3.1011346229231633,10.390361524520818,13.491496147443982,2.5407727510533857,5,7.540772751053385,2.5707429712864576,21.386181235950005,23.95692420723646,3.7482311910550066,5,8.748231191055007,4.224700209022839,10.665193906746975,14.889894115769815,5.816535810882478,14.764417698237912,20.58095350912039,1.1133136476104002,1.6977585688785901,2.81107221648899,0.30634441051381545,0.1581623231920012,0.30634441051381545,3,0.33735895900605123,0.07440569551013038,0.6747179180121025,2,0.7333817507972591,0.22836124479025602,2.9335270031890364,6,0.05990532786377292,0.9459270248004233,0.05990532786377292,3,0.6487172601429217,0.11428169424907061,1.9461517804287651,5,0.4121913391268032,0.05544904657871115,2.060956695634016,4,0.3409072896073807,0.08555552261910422,0.6818145792147614,3,0.3029163088579544,0.062329530703732414,0.6058326177159088,2,0.07405890854680276,0.14259847266314365,0.07405890854680276,3,0.3387814119486823,0.1417051659243749,0.6775628238973646,3,12.56931608133087,87.43068391866913,26.247689463955638,28.465804066543438,45.28650646950093,64.7887323943662,35.2112676056338,61.038961038961034,38.961038961038966,63.26530612244898,36.734693877551024,925881.2167321651,2927812.8286904655,-2001931.6119583005,1912.9777205210023,6049.200059277821,-4136.222338756819,78568.7875710757,78537.96336313593,159358.3728540924,238.751833071367,236304.93435561095,78539.04061368962,412410.14401917276,1484776.9810131053,78587.07988248541,78676.39957510958,241814.3736099166
453,258.2948472225493,2.9210190266934606,13,5,258.2948472225493,98.28460563497842,102.22171468526903,811.155961566019,2.3144471942874247,27.807917234687242,30.122364428974667,5.872193700769062,14.9318236867025,20.80401738747156,4.565868606591197,12.113928122701827,16.679796729293024,3.4401164777725723,17.250050073483724,20.690166551256297,1.5941952507446018,58.01979158348714,59.613986834231746,0.6192401646566702,1.6975546284492211,2.3167947931058914,2.629307266624394,15.592591494288353,18.221898760912747,1.0025096637834976,10.530011528834262,11.532521192617759,1.4902084036169334,2.1689937017626395,3.659202105379573,2.8942615008160977,37.99908791168667,40.89334941250277,0.4005081741150319,26.952866388466727,27.35337456258176,5.059297923182759,7.360147778090868,12.419445701273625,1.7058903726125334,1.6992791227656157,3.405169495378149,1.008680357017949,14.821803673063215,15.830484030081164,2.8330459404438257,16.515666876071204,19.34871281651503,2.3775406324043846,37.562539668836415,39.9400803012408,2.7021731385383743,61.63129706494661,64.33347020348498,6.0688816004172725,2.42475441677428,8.493636017191553,3.7483876301868557,12.574402539617832,16.322790169804687,2.8586791618192935,5,7.8586791618192935,1.009535331206436,24.147141958298743,25.15667728950518,4.257255001776699,5,9.257255001776699,4.76460146116562,10.360811317797321,15.125412778962941,7.067956383941835,18.89715230367791,25.965108687619743,1.1565995604350532,1.6986001240635966,2.85519968449865,0.28286496229317387,0.13323399281439205,0.28286496229317387,2,0.3357823595199701,0.07252913106411146,0.6715647190399402,4,0.698993216454818,0.2255943124183601,2.795972865819272,6,0.06582013135567728,0.9358625328973722,0.06582013135567728,2,0.6037831416832254,0.10869089028396427,1.8113494250496762,5,0.4193230757097721,0.04954224354864889,2.0966153785488606,3,0.32116145200352253,0.11136784997159148,0.6423229040070451,3,0.2708234040112372,0.11134863401325924,0.5416468080224744,2,0.07800667774164108,0.22098372316228487,0.07800667774164108,4,0.36756026009944376,0.12784864657489264,0.7351205201988875,4,14.799999999999999,85.2,29.518072289156628,25.301204819277107,45.18072289156627,59.589041095890416,40.41095890410959,64.28571428571429,35.714285714285715,59.111111111111114,40.88888888888889,864302.2572643419,2734304.0199829713,-1870001.7627186293,1907.9520027910419,6035.991214090444,-4128.039211299402,73465.6608378378,73392.58502692338,150103.38360396188,217.61650697177626,220511.07464440676,73367.00032684367,383424.78251444764,1385337.021116923,73826.61818446124,73689.51260172871,226968.76461846553
465,275.2152423480973,3.1818165360896535,14,4,275.21524234809726,136.68682657862928,105.47918779509564,871.8114049997257,2.2914216420475544,24.31826007426809,26.60968171631564,8.179093029156498,16.131389196265765,24.31048222542226,3.393752783387828,12.124814838865797,15.518567622253626,2.505207722290745,16.15221413898505,18.657421861275797,2.128607601654459,63.14442969588654,65.273037297541,0.877692620574275,1.6953558187646736,2.5730484393389483,2.893395786836637,13.320760108276247,16.214155895112885,1.267853502930345,10.49576155817058,11.763615061100925,1.3734133941723603,2.320491562057747,3.6939049562301074,1.8735237908086522,38.42430449522803,40.29782828603668,0.6149803929820786,26.87462784214786,27.48960823512994,7.770722077420141,7.037307242278425,14.808029319698566,3.312577642967466,1.6968290803334176,5.009406723300883,1.8023161793451323,14.731572794791749,16.533888974136882,2.3909128111241227,11.940240083804275,14.331152894928398,2.8901458047799093,36.30183361314631,39.19197941792622,3.0729475742729986,57.45972943618035,60.53267701045335,5.211283190870035,2.23669654304341,7.447979733913445,2.9143568186052717,8.701389218931574,11.615746037536844,3.061310751049421,5,8.06131075104942,1.718948788912227,25.278480628905204,26.99742941781743,2.5872408462391654,5,7.587240846239165,5.959815114506183,10.107392642475823,16.067207756982004,7.608352488940909,15.952523314962415,23.560875803903322,1.2653731576784193,1.6994654253251538,2.9648385830035733,0.26303779534693844,0.13537611096717994,0.26303779534693844,2,0.30006749039763503,0.07631989469711417,0.6001349807952701,3,0.7414260007631751,0.2918229379531981,2.9657040030527004,6,0.060678336002193835,0.9409726840098418,0.060678336002193835,2,0.6612600333538686,0.15080589913571577,1.983780100061606,5,0.435126582648618,0.07654963023406534,2.17563291324309,5,0.34155470562161416,0.12170948344691654,0.6831094112432283,4,0.308434558943878,0.0961763058929419,0.616869117887756,2,0.06903003131654037,0.20276054463788892,0.06903003131654037,3,0.3543921644917314,0.10410697892424418,0.7087843289834628,3,13.398058252427184,86.60194174757282,29.296875,29.4921875,41.2109375,52.666666666666664,47.333333333333336,62.251655629139066,37.74834437086093,61.61137440758294,38.388625592417064,877817.3179418402,2803724.5706105866,-1925907.2526687463,1887.7791783695486,6029.515205614164,-4141.736027244616,75560.30422344618,75561.51480677794,153058.9751869243,229.4188896678002,227320.890886092,75660.19394433303,395944.65918412677,1416467.1614679527,75673.35842954306,75655.37968383761,232592.71390788537
427,256.2145991344531,2.7160824335704294,11,3,256.2145991344531,97.51645864651786,99.96565592889965,663.0423179372738,2.481569861655309,27.069980169748355,29.55155003140366,5.554529867573826,16.782445285537264,22.33697515311109,4.76717049106276,12.029576639811198,16.79674713087396,3.6949056715733577,18.344407291609176,22.039312963182535,2.0149670923781207,56.0298044019048,58.04477149428292,0.7414650340445169,1.6967702146267822,2.438235248671299,1.9056682178118785,15.561955487243369,17.467623705055246,1.2505171863047644,10.49106597933692,11.741583165641684,1.319061916406964,2.187754889851347,3.5068168062583105,3.525534949595965,38.23368221622092,41.759217165816885,0.4920058588438886,27.246254849358117,27.738260708202006,5.812161875778466,8.891950806367454,14.70411268214592,2.3228273342947174,1.6968107825857979,4.0196381168805155,1.3905438320499435,14.6856319220274,16.076175754077344,2.863692795325646,12.049479405129167,14.913172200454813,2.3428715379098404,43.49874743416403,45.841618972073874,3.1465203460083178,63.832763025015296,66.97928337102361,4.745221322823538,2.344247028581448,7.089468351404985,2.750762172062328,10.973638640927183,13.724400812989511,2.5016639349315533,5,7.501663934931553,1.720816239536163,23.784251989726837,25.505068229263,4.008610998027062,5,9.008610998027061,5.759788597132321,10.534314255070353,16.294102852202673,6.014931476295268,14.169016466758956,20.183947943054225,1.399695834140115,1.6949499923629492,3.094645826503064,0.30594941359706873,0.18899041656443666,0.30594941359706873,2,0.34726024240970826,0.08962768053150831,0.6945204848194165,3,0.6890993661161907,0.2277103142643875,2.756397464464763,7,0.06426851776450335,0.9093445041013606,0.06426851776450335,2,0.6390483034410669,0.12055266800177186,1.9171449103232006,5,0.4061599488456391,0.05712662829199267,2.0307997442281955,5,0.3460317477294006,0.11232382883710004,0.6920634954588012,4,0.28403627738069515,0.16066021181893606,0.5680725547613903,2,0.06405135884714819,0.1915506300536705,0.06405135884714819,3,0.37543317281539634,0.1445410252503042,0.7508663456307927,3,15.176715176715177,84.82328482328482,24.74012474012474,29.313929313929314,45.94594594594595,61.34453781512605,38.655462184873954,56.02836879432624,43.97163120567376,62.44343891402715,37.55656108597285,810217.1774322572,2579188.7576711513,-1768971.580238894,1897.4641157664103,6040.254701805975,-4142.790586039565,69678.12106015618,69487.0012198157,140520.65344759132,214.04948121598457,208006.26986750745,69279.56554627359,362185.36469290766,1307413.116934056,69276.58648948093,69389.68457465869,213738.34435748798
442,252.40997038991037,2.7680100279281032,14,2,252.4099703899104,113.74909069165244,97.1056753466246,1026.7147621755394,2.1243906284843264,25.509288152498957,27.633678780983285,4.469418143882574,15.22043066339746,19.689848807280033,3.7615642370464997,12.095087930908154,15.856652167954653,4.428261455383093,19.17288132469587,23.601142780078963,1.934588489596851,57.000797724961615,58.93538621455847,0.7680442591652132,1.7001544711310224,2.4681987302962356,1.7933853707971394,15.47375350329879,17.267138874095927,0.7473704759101166,10.546500460972398,11.293870936882515,1.1325698957125105,2.188318441993667,3.3208883377061778,4.688524490729651,37.47482316454138,42.163347655271025,0.5167979218776017,27.310052982802937,27.826850904680537,5.215874122645592,7.060406310067896,12.276280432713488,2.4047449947591395,1.7006235431080508,4.10536853786719,0.9731784038460071,14.756641675578814,15.72982007942482,4.291493889291312,13.261624431094326,17.553118320385636,1.2464031030148135,36.232910328538686,37.4793134315535,2.1161517510524805,57.25517374939831,59.37132550045079,4.06096128684281,2.2382657416931355,6.299227028535945,2.1302952508423005,8.181995052434152,10.312290303276454,2.5742744432962406,5,7.5742744432962406,1.7255342896474126,26.92065175335322,28.64618604300063,2.846467701415302,5,7.846467701415302,4.884101318456559,10.37523082892073,15.259332147377288,3.270128921462464,14.838410586408012,18.108539507870475,1.069712226426595,1.6925199452199584,2.7622321716465534,0.3434295258886908,0.18770107044489762,0.3434295258886908,3,0.32868428712509096,0.09101954790800307,0.6573685742501819,3,0.7008381882822486,0.20249134444472694,2.8033527531289946,6,0.05865166972065542,0.9372141503597377,0.05865166972065542,3,0.6202302201484169,0.1148734716722025,1.8606906604452507,5,0.4066501968811778,0.05452825348005296,2.033250984405889,4,0.3155743353781684,0.11490359418769462,0.6311486707563368,3,0.29187061162553896,0.1332669980028714,0.5837412232510779,2,0.058574651310885885,0.21239869667900804,0.058574651310885885,3,0.3794676368551593,0.11788378451629417,0.7589352737103185,2,13.373253493013973,86.62674650698602,28.343313373253494,25.948103792415168,45.70858283433134,61.97183098591549,38.028169014084504,53.07692307692308,46.92307692307692,64.19213973799127,35.80786026200873,841230.5011024077,2667777.9603318456,-1826547.4592294379,1903.2364278335015,6035.69674283223,-4132.460314998728,71913.61286865332,71858.84493551936,145829.38647253794,217.99676069962035,215609.2607419794,71733.27679232847,376366.6080285088,1349340.1131751058,72080.05123596177,71779.1421854308,221049.66713512052
484,295.3138915385135,3.541227320933588,16,1,295.3138915385135,147.5989447096688,107.21152982264903,943.3216530133432,3.7023387295694277,23.160819129551605,26.863157859121035,5.206032850537977,15.481932470535053,20.68796532107303,4.9296971948132,12.140872933204477,17.07057012801768,2.0863974062040493,15.363407914668533,17.44980532087258,2.4913294260275847,54.95207622017156,57.443405646199146,0.951485710450032,1.691879219891467,2.643364930341499,1.8830407760536099,14.65097720755444,16.534017983608052,1.3169356852030065,10.533803592250282,11.850739277453288,1.5475232413224178,2.258436961313425,3.805960202635843,5.2897511484770385,39.50563536354529,44.795386512022326,0.4771653645428193,27.107482405984758,27.584647770527578,6.8657774015771835,8.616930761411014,15.482708162988198,2.8026571739870683,1.6992868239208416,4.50194399790791,1.6001785736768208,14.874351450878653,16.474530024555474,2.643067365624126,13.445764526461476,16.0888318920856,1.8592292568737054,34.154587444030675,36.01381670090438,2.205678739570624,64.36013581786153,66.56581455743216,5.05183247414733,2.3566030445062447,7.408435518653575,2.8566325257753102,10.220313426286689,13.076945952061998,2.658650230941874,5,7.658650230941874,1.7426620847638938,25.471080094560193,27.213742179324086,2.6090660691276493,5,7.60906606912765,5.366893640809074,10.525145832050434,15.892039472859508,6.897411848821711,15.593681732875815,22.491093581697527,1.4461802066277267,1.6952775139259373,3.141457720553664,0.29393015682670487,0.16377812986114254,0.29393015682670487,2,0.327246639861251,0.0928238572003736,0.654493279722502,4,0.7202596914914843,0.28010915523357605,2.881038765965937,6,0.08880123857544137,0.9024600508369098,0.08880123857544137,3,0.678014292117897,0.11902590320980257,2.034042876353691,6,0.4491762263072651,0.058684591521940596,2.2458811315363256,4,0.34821188935403047,0.11000936022670242,0.6964237787080609,3,0.26405395120968633,0.11154548180132126,0.5281079024193727,3,0.07382278720662508,0.22219540680074876,0.07382278720662508,2,0.39152827075574825,0.20649175705898978,0.7830565415114965,4,18.23308270676692,81.76691729323309,27.87193973634652,22.78719397363465,49.34086629001883,64.1891891891892,35.810810810810814,48.760330578512395,51.2396694214876,62.59541984732825,37.404580152671755,922539.1776147423,2923069.631779626,-2000530.4541648836,1906.072681022195,6039.400065660384,-4133.327384638189,78502.86831738334,78667.18870112639,159442.94826330157,243.52301308038136,235451.57693158358,78710.07075890519,413624.78875998774,1479750.2593088548,78569.65021041967,78480.24590306492,241626.51161191828
452,261.3452442401704,2.9004942796765913,13,2,261.3452442401704,117.04016298366851,101.83920070141903,816.9076814059736,1.80249842206904,25.03870750439096,26.841205926460002,6.089467994059331,12.94791913910758,19.03738713316691,3.9868911688563093,12.088785575377441,16.07567674423375,2.805816384751375,16.779423302353457,19.58523968710483,2.0570694873951068,57.212936998433236,59.27000648582835,0.9765494363650378,1.7030276432314215,2.6795770795964593,1.627720960745097,15.182692872322905,16.810413833068,0.971392429489216,10.568762920035068,11.540155349524284,1.3133546636618363,2.307654740479923,3.621009404141759,4.4842525684889845,38.9353462640488,43.419598832537794,0.5160131594857336,28.048407701102807,28.56442086058854,7.742905838568986,12.205762513575447,19.948668352144434,2.5706180067913094,1.6999196653915356,4.270537672182845,1.1456872463476055,14.88407285125082,16.029760097598427,2.41027958214012,14.968689761162793,17.378969343302913,2.1347964786446627,36.870289891335624,39.00508636998028,2.9713846605986403,56.918099671228696,59.88948433182734,5.077958731933415,2.1611688285082624,7.239127560441678,2.738658364729622,12.45640812612168,15.195066490851302,2.8809563107926146,5,7.880956310792614,2.450750835576606,22.73307804676254,25.183828882339146,2.7619895461814314,5,7.761989546181431,5.267670157401054,9.573320837281365,14.84099099468242,7.758250944831182,16.66570568321306,24.42395662804424,1.3159592303704872,1.6949671294798228,3.01092635985031,0.2921501610254466,0.15408235117064056,0.2921501610254466,3,0.3546843208425234,0.12773494460753163,0.7093686416850468,3,0.7023113056874846,0.22840162144853146,2.8092452227499383,6,0.06199333178952223,0.852008894226687,0.06199333178952223,3,0.6108667657856434,0.13143399281283302,1.8326002973569302,5,0.41046001632449547,0.05739645346156978,2.0523000816224775,5,0.31434113441691847,0.11164157766094414,0.6286822688338369,4,0.30776949623177596,0.12611734793138152,0.6155389924635519,2,0.06923593492761577,0.154076073141486,0.06923593492761577,3,0.3605763736872862,0.12192879574067726,0.7211527473745724,3,13.698630136986301,86.3013698630137,30.784313725490197,25.882352941176475,43.333333333333336,60.509554140127385,39.490445859872615,62.878787878787875,37.121212121212125,64.25339366515837,35.74660633484163,860800.2331655878,2730297.3708860613,-1869497.1377204736,1904.4252946141323,6040.4809090399585,-4136.055614425826,73437.90968495219,73645.3258492186,148691.4929026078,231.4636801687673,220008.9691106447,73499.83532444821,385266.28546590207,1383448.879787434,73388.73791914417,73253.38572917407,225425.08543236664
429,265.00119627727986,2.8195811806287927,15,0,265.00119627727986,118.0229994323664,99.41048437174322,789.2979589401975,2.002026816492313,29.357881208403548,31.359908024895862,3.900351190671007,16.547359284015652,20.44771047468666,4.523569127086979,12.105116822697958,16.628685949784938,3.465404731647701,15.885775017417599,19.3511797490653,1.106388636474654,56.788145891963985,57.89453452843864,0.784928154326201,1.691097274285624,2.476025428611825,1.8596149579018804,18.295385694347736,20.155000652249615,1.0893646568703466,10.47314178315627,11.562506440026617,1.2401302086449406,2.387422180978438,3.6275523896233786,1.7869950860150838,38.76491498545048,40.551910071465564,0.37357560925954897,25.819537620543233,26.193113229802783,5.003032502057709,10.195788272409107,15.198820774466816,2.6980401870387416,1.6960816450131984,4.39412183205194,1.2289736597739458,14.731195884425246,15.960169544199191,1.4956760925653434,13.913747418522938,15.409423511088281,1.4792871334768956,38.8355815741028,40.3148687075797,2.3371098403972987,65.52396646825119,67.86107630864848,5.688858342310339,2.2679862658362,7.95684460814654,3.448631663947695,8.403667935497888,11.852299599445582,2.255170596745768,5,7.255170596745768,1.268230063035642,27.064442476210736,28.332672539246378,2.661932587687634,5,7.661932587687634,4.617447628057409,10.436349584040151,15.05379721209756,5.038524585012733,15.830653173917884,20.869177758930615,1.135156693103914,1.6993579884294607,2.8345146815333746,0.27878911192881917,0.1356503484758033,0.27878911192881917,2,0.29565123041276486,0.10417317360305899,0.5913024608255297,2,0.7081543290225413,0.2131558124865947,2.832617316090165,6,0.05650676330861719,0.8843558392882898,0.05650676330861719,2,0.6314736158021528,0.0824394313402048,1.8944208474064583,4,0.410554686068865,0.05358929075557944,2.0527734303443252,4,0.32466411347084745,0.10919963618872412,0.6493282269416949,3,0.28987527084544934,0.13601440639002133,0.5797505416908987,2,0.07116321428858621,0.20493190732988867,0.07116321428858621,3,0.3757418632193612,0.14613977021320473,0.7514837264387224,3,13.836477987421384,86.16352201257862,23.89937106918239,28.30188679245283,47.79874213836478,67.54385964912281,32.45614035087719,61.48148148148148,38.51851851851852,57.01754385964912,42.98245614035088,811855.1649889096,2587387.8700128556,-1775532.705023946,1892.4362820254303,6031.207156207122,-4138.770874181692,69815.00309554921,69707.54489170648,141430.6452724074,219.73707755501857,208847.30804316432,69718.606179,364749.97724843083,1309391.5506982508,69711.24507217288,69607.98425593677,214188.26817868213
462,265.61077320124474,3.025156945715541,15,1,265.61077320124474,111.82829246357073,108.87317137715581,883.1829598679215,1.6732474494583511,26.243024974359013,27.916272423817365,7.653763183969464,12.733542260929687,20.38730544489915,4.649069040383344,12.093498335420506,16.742567375803848,3.148752540370743,14.314102984071363,17.462855524442105,2.0129670763474277,54.35820514462478,56.37117222097221,1.001446645087796,1.6956161868666606,2.6970628319544563,1.7352211373633362,14.729010010583302,16.464231147946638,1.3319809108185907,10.522305951098081,11.854286861916671,1.7832055489599157,2.2346743225435852,4.017879871503501,2.6011494992086113,37.742507313378255,40.343656812586865,0.4877284056645952,27.073606069141643,27.56133447480624,4.487693266769184,9.45004750964214,13.937740776411323,2.3251595979859934,1.6974873672637176,4.022646965249711,1.1808264954065486,14.690538419962209,15.871364915368758,2.132915647033286,15.257952101225102,17.39086774825839,2.271876820702097,35.53127761337999,37.80315443408209,2.5889432421679035,63.28721372467024,65.87615696683814,5.296795960841712,2.2235816597651024,7.520377620606815,3.1738885035639384,9.047830323184847,12.221718826748784,3.474940953555121,5,8.474940953555121,2.610697968611893,26.180677316839184,28.791375285451075,3.8159118873873585,5,8.815911887387358,4.992329421846879,10.774850805336476,15.767180227183355,8.330193679145696,17.051858895031234,25.382052574176928,1.0553808378792413,1.6934930814026927,2.7488739192819343,0.24720449517859028,0.16361234524377197,0.24720449517859028,3,0.36495705584287286,0.1167968643664702,0.7299141116857457,3,0.714567655254594,0.26063048967146346,2.858270621018376,6,0.060298347771785665,0.8309955244000844,0.060298347771785665,2,0.5805914761513001,0.12199974269447697,1.7417744284539005,5,0.40545669183258176,0.046121084274942756,2.0272834591629088,5,0.31860444655137576,0.10031307903816788,0.6372088931027515,3,0.23973845266524657,0.07103891685962783,0.47947690533049314,2,0.07036199911303215,0.1776466702174189,0.07036199911303215,2,0.3469724272563349,0.11074866742118612,0.6939448545126699,4,13.698630136986301,86.3013698630137,25.49019607843137,26.47058823529412,48.03921568627451,66.15384615384615,33.84615384615385,53.333333333333336,46.666666666666664,59.591836734693885,40.40816326530612,877587.2504421007,2781311.7556400876,-1903724.505197987,1899.53950312143,6020.155315238285,-4120.615812116855,75136.32282185178,74792.63082663355,152670.5995975178,234.5940698304719,225136.65600869403,75092.90150133919,392855.40811024467,1404304.6703108752,75055.43758361076,75144.57736903206,230887.9574404582
441,239.9420833413152,2.6140579563532125,12,1,239.9420833413152,83.06830574193133,96.38220304252172,700.5230317579626,1.4403897782154094,24.490899242762357,25.93128902097777,3.58605255103986,14.84443350166339,18.43048605270325,4.852243672777193,12.119378681098928,16.971622353876118,2.0805609877837785,16.463799990401967,18.544360978185743,1.3870721781678703,53.48638971934576,54.87346189751363,0.6404527647492447,1.6984541494154477,2.3389069141646925,2.475139195557178,16.160873431655197,18.636012627212374,0.8877663563387824,10.573843226761964,11.461609583100746,1.0191701977541647,2.2933585283044238,3.3125287260585883,2.844862824076846,39.96053702643143,42.80539985050828,0.3301944605211037,26.88739366925356,27.21758812977466,6.950527267204961,9.819878000795947,16.770405268000907,1.7567340282061827,1.6969986256993523,3.453732653905535,0.8753888870048471,14.672938011499957,15.548326898504804,2.2021786263331813,14.929181790935514,17.131360417268695,2.7726589589877357,35.85152226318274,38.62418122217047,1.4869250585203273,57.37451120626255,58.861436264782874,5.877632185683484,2.297000205867932,8.174632391551416,2.836587283492036,10.416517020283521,13.253104303775556,3.227084882253563,5,8.227084882253562,1.980437093215071,25.111587615024007,27.09202470823908,2.452664304252414,5,7.452664304252414,4.074646641245747,10.494854610473608,14.569501251719355,4.13151855958325,13.19185065357893,17.32336921316218,1.0934922436365484,1.6978631816218852,2.7913554252584336,0.2495605417742346,0.18775671946126724,0.2495605417742346,3,0.3275827919851491,0.10082561888062894,0.6551655839702982,3,0.6954896692227476,0.16470731589097787,2.7819586768909903,5,0.06369559506732388,0.9020877917123483,0.06369559506732388,2,0.5940892464512222,0.07811920183472924,1.7822677393536666,4,0.40596323884663243,0.04310592513821938,2.0298161942331623,3,0.3056146668066753,0.09375509807911529,0.6112293336133506,3,0.29778528359090617,0.11534642493547563,0.5955705671818123,2,0.07702828831066465,0.18783235690742703,0.07702828831066465,3,0.37122875446437487,0.18192358269493625,0.7424575089287497,3,13.64562118126273,86.35437881873727,28.97959183673469,24.897959183673468,46.12244897959184,52.112676056338024,47.88732394366197,56.557377049180324,43.44262295081967,61.06194690265486,38.93805309734513,840030.5451367635,2658225.2899608,-1818194.7448240367,1904.8311681105747,6027.7217459428575,-4122.890577832283,71801.36382520747,71581.0965740492,146034.06869782836,216.88224931025027,214486.67439588436,71530.13835741785,375962.25834156736,1343322.378939443,71368.93340168429,71693.02880991981,220228.46636848818
460,266.20826527486724,3.036813863845684,14,1,266.2082652748673,119.38006426639433,102.74129358533537,833.9123461987729,3.0205045580588603,23.216308550939914,26.236813108998774,4.620258315993672,13.289473529193035,17.90973184518671,4.989884632035605,12.116196250604578,17.106080882640182,2.8041705627582316,16.57624899756748,19.380419560325713,2.375919825932082,62.250026059938385,64.62594588587046,0.713088104190614,1.6975203391510552,2.410608443341669,1.8734311347908261,15.56819205881769,17.441623193608518,0.9661674560750785,10.521277216772805,11.487444672847884,1.1840727628413017,2.3038159657161885,3.48788872855749,2.555388186160866,38.23925815664759,40.794646342808456,0.35189100566714604,26.402344076557725,26.754235082224874,6.107230148311905,17.54972523525391,23.656955383565812,2.7032137733497366,1.6965677263116479,4.399781499661384,1.2014276588467385,14.728906050213203,15.93033370905994,2.8595354708773337,12.655757867022132,15.515293337899465,2.107269985594091,33.27256432753869,35.379834313132775,2.520182120990441,57.38389186955764,59.90407399054808,5.06589071771251,2.240436088606748,7.306326806319258,2.2077021107565775,8.8499086926339,11.057610803390476,2.7889995509809524,5,7.788999550980952,1.8437041085479913,21.19938569862091,23.043089807168904,4.743786721792847,5,9.743786721792848,4.95648158316295,9.637325845685707,14.593807428848656,4.232554845921351,16.472368534096287,20.70492338001764,0.9643132507846728,1.697005982061057,2.6613192328457296,0.27320663068062795,0.20812382542379096,0.27320663068062795,3,0.31759164857711863,0.09669565140818753,0.6351832971542373,3,0.7043351765093645,0.23173371066716172,2.817340706037458,6,0.06641604118678474,0.9351567963770863,0.06641604118678474,3,0.6188840049012931,0.12450318556053983,1.8566520147038794,5,0.43408997936486016,0.05581888577127277,2.1704498968243007,5,0.3227766218577622,0.06943909279287754,0.6455532437155244,4,0.2842469917549252,0.1447482049546415,0.5684939835098504,2,0.06614616874418534,0.18964886067713277,0.06614616874418534,3,0.38350619657305374,0.1362614571559213,0.7670123931461075,3,14.174757281553399,85.8252427184466,25.8252427184466,28.349514563106798,45.8252427184466,51.127819548872175,48.87218045112782,65.06849315068493,34.93150684931507,60.42553191489362,39.57446808510638,875274.7170801982,2775967.3280647458,-1900692.6109845475,1902.7711240873875,6034.711582749447,-4131.940458662059,74619.0776688533,74534.38262956378,152163.45260144622,230.01802310049294,224205.7207093905,74323.64624814347,391702.6199817189,1403394.7650683704,74790.5882898278,74820.8968870526,231182.15995727846
468,282.7071452747396,3.263780846240848,13,2,282.7071452747397,139.77608069199084,98.86439901134872,1216.4085402895507,2.803938043931339,26.975829583840667,29.779767627772006,6.79468971919017,13.437222503292533,20.231912222482702,5.678947392943685,12.093579888904278,17.772527281847964,2.0251041598691946,14.737860054350989,16.762964214220183,2.6012612950321006,60.31615462824789,62.91741592327999,0.9571875086486317,1.6920590310855146,2.6492465397341465,1.6940190162295115,16.800848100645393,18.494867116874907,1.484192130382926,10.542213883979795,12.02640601436272,1.638297090047785,2.2227133085466875,3.861010398594472,2.406491354473019,38.8652072397198,41.27169859419282,0.5116269216597548,27.20454404155306,27.716170963212814,4.9118913108681435,10.008827896355411,14.920719207223554,2.683862639853963,1.6914751059946338,4.375337745848597,1.495680527637046,14.625443456374425,16.121123984011472,3.3107220478458244,12.12995330076547,15.440675348611295,2.841274853373011,35.21001795601316,38.051292809386176,2.87252267616386,66.76851336588967,69.64103604205354,5.27527407820976,2.2172942380133085,7.4925683162230685,3.75805449504814,9.125619417306096,12.883673912354235,2.620744664762851,5,7.620744664762851,2.0582667917343485,22.013445801881172,24.071712593615523,2.8186842526414497,5,7.818684252641449,5.527724415595094,10.374152102290106,15.901876517885201,5.8092785187047475,15.42187595719052,21.231154475895266,1.770009759674412,1.694665968781006,3.464675728455418,0.26409994092371286,0.12535291379679078,0.26409994092371286,2,0.3039831141836938,0.04206268222476334,0.6079662283673876,3,0.7278822754165051,0.2902149259977436,2.9115291016660203,7,0.07263760769602565,0.9130224284227151,0.07263760769602565,2,0.6559770809447282,0.14653505608610717,1.9679312428341846,5,0.42686087387381455,0.055148873450745206,2.134304369369073,5,0.32138296132902067,0.0985087830606768,0.6427659226580413,4,0.2841734539984468,0.10305869961980119,0.5683469079968936,2,0.07255998963859016,0.1767064157606934,0.07255998963859016,3,0.3803779784312304,0.1823538840251849,0.7607559568624608,4,16.6015625,83.3984375,25.0,30.859375,44.140625,57.8125,42.1875,59.49367088607595,40.50632911392405,59.111111111111114,40.88888888888889,886716.1462516021,2827142.1589440247,-1940426.0126924226,1894.692620195731,6040.9020490256935,-4146.209428829963,75932.32222557241,75981.77607102707,154913.01000434544,236.63913115873703,228659.054433829,76285.3027309734,401531.5391138427,1428133.6353223855,75989.56531801439,76040.77657375322,233438.53801912285
443,259.2599402494892,2.8485157125625937,12,0,259.25994024948915,103.5008967888462,94.9834254125526,707.9500076561426,2.013446346875315,26.996097104738563,29.00954345161388,6.784695636613359,14.288362554204438,21.073058190817797,3.154649302910495,12.162968610275371,15.317617913185865,3.8461399386743804,16.05272706955178,19.89886700822616,2.608520376248366,58.36092281443491,60.96944319068327,1.002226755137367,1.6940828910996197,2.696309646236987,2.385152087167633,14.504859974959327,16.89001206212696,1.0058271459561523,10.367529988624286,11.373357134580438,1.1944641586675393,2.3358909182718373,3.5303550769393763,2.362637331922666,38.359835906161514,40.722473238084184,0.26952075769957806,26.956017738672415,27.225538496371993,7.3897524027405845,7.911900678870142,15.301653081610727,2.290983420709153,1.6958128520545688,3.986796272763722,1.1826385276890692,14.803585350197718,15.986223877886786,2.790219256925419,14.933847238071282,17.724066494996702,1.8175187235746708,38.24543037212028,40.062949095694954,2.1855722929901917,69.25212538591887,71.43769767890906,5.302077884580737,2.2480428117432676,7.550120696324004,2.6603736239929816,8.684705804870887,11.345079428863869,2.817957347912795,5,7.817957347912794,1.9987842041137298,25.909568408551163,27.908352612664892,3.9457124645639845,5,8.945712464563984,5.379156315467635,10.237963558565244,15.61711987403288,4.908624969438149,14.162354301415274,19.07097927085342,1.2902239133048172,1.7011086705187421,2.9913325838235596,0.29413007638603994,0.18485120120985069,0.29413007638603994,2,0.3543009350555428,0.06923079689481722,0.7086018701110856,4,0.7332273248420088,0.22671437809013573,2.9329092993680352,6,0.05407690029030357,0.9472243985265465,0.05407690029030357,2,0.6079946067268176,0.12899322904491556,1.8239838201804528,5,0.4216624907782536,0.05611979265246391,2.108312453891268,4,0.333424683177084,0.12814866850836207,0.666849366354168,3,0.2875807549013823,0.13135315390868085,0.5751615098027646,2,0.0721409938593003,0.16907175584303705,0.0721409938593003,3,0.38755865790732374,0.10795736178921166,0.7751173158146475,3,12.424849699398797,87.5751503006012,29.458917835671343,28.65731462925852,41.883767535070135,58.50340136054422,41.49659863945578,54.54545454545454,45.45454545454545,61.24401913875598,38.75598086124402,841743.527890041,2670966.6038121204,-1829223.0759220794,1900.0982570881288,6029.269986031874,-4129.171728943746,72005.65879705541,71822.56727895148,146116.0513206118,214.99874225149932,215695.82902772646,72178.21373352874,376034.382735829,1351631.1235641981,71991.10329087934,71685.29438189072,221591.3809391977
